receipt_id,po_id,receipt_date,received_quantity
GR00001,PO00001,2025-01-11 00:00:00,33
GR00002,PO00002,2025-01-02 08:00:00,53
GR00003,PO00003,2025-01-10 16:00:00,22
GR00004,PO00004,2025-01-15 00:00:00,21
GR00005,PO00005,2025-01-15 08:00:00,70
GR00006,PO00006,2025-01-03 16:00:00,70
GR00007,PO00007,2025-01-06 00:00:00,4
GR00008,PO00008,2025-01-11 08:00:00,94
GR00009,PO00009,2025-01-17 16:00:00,74
GR00010,PO00010,2025-01-07 00:00:00,62
GR00011,PO00011,2025-01-17 08:00:00,62
GR00012,PO00012,2025-01-08 16:00:00,94
GR00013,PO00013,2025-01-13 00:00:00,95
GR00014,PO00014,2025-01-06 08:00:00,24
GR00015,PO00015,2025-01-18 16:00:00,55
GR00016,PO00016,2025-01-19 00:00:00,9
GR00017,PO00017,2025-01-12 08:00:00,3
GR00018,PO00018,2025-01-07 16:00:00,31
GR00019,PO00019,2025-01-21 00:00:00,40
GR00020,PO00020,2025-01-08 08:00:00,36
GR00021,PO00021,2025-01-21 16:00:00,24
GR00022,PO00022,2025-01-16 00:00:00,95
GR00023,PO00023,2025-01-19 08:00:00,6
GR00025,PO00025,2025-01-21 00:00:00,84
GR00026,PO00026,2025-01-10 08:00:00,92
GR00027,PO00027,2025-01-19 16:00:00,75
GR00028,PO00028,2025-01-17 00:00:00,4
GR00029,PO00029,2025-01-15 08:00:00,79
GR00030,PO00030,2025-01-15 16:00:00,6
GR00031,PO00031,2025-01-12 00:00:00,94
GR00032,PO00032,2025-01-25 08:00:00,51
GR00033,PO00033,2025-01-21 16:00:00,62
GR00034,PO00034,2025-01-23 00:00:00,54
GR00035,PO00035,2025-01-18 08:00:00,66
GR00036,PO00036,2025-01-26 16:00:00,79
GR00037,PO00037,2025-01-22 00:00:00,75
GR00038,PO00038,2025-01-22 08:00:00,8
GR00039,PO00039,2025-01-21 16:00:00,26
GR00041,PO00041,2025-01-15 08:00:00,45
GR00042,PO00042,2025-01-23 16:00:00,44
GR00043,PO00043,2025-01-16 00:00:00,5
GR00044,PO00044,2025-01-23 08:00:00,70
GR00045,PO00045,2025-01-20 16:00:00,26
GR00046,PO00046,2025-01-19 00:00:00,68
GR00047,PO00047,2025-01-27 08:00:00,19
GR00048,PO00048,2025-01-23 16:00:00,84
GR00049,PO00049,2025-01-24 00:00:00,97
GR00050,PO00050,2025-01-26 08:00:00,20
GR00051,PO00051,2025-01-24 16:00:00,12
GR00052,PO00052,2025-01-31 00:00:00,47
GR00053,PO00053,2025-01-29 08:00:00,1
GR00054,PO00054,2025-02-01 16:00:00,90
GR00055,PO00055,2025-01-22 00:00:00,14
GR00056,PO00056,2025-01-30 08:00:00,64
GR00057,PO00057,2025-02-01 16:00:00,38
GR00058,PO00058,2025-02-03 00:00:00,37
GR00059,PO00059,2025-02-02 08:00:00,11
GR00060,PO00060,2025-01-21 16:00:00,100
GR00061,PO00061,2025-01-29 00:00:00,77
GR00063,PO00063,2025-01-24 16:00:00,33
GR00064,PO00064,2025-02-03 00:00:00,6
GR00065,PO00065,2025-01-30 08:00:00,50
GR00066,PO00066,2025-01-30 16:00:00,10
GR00067,PO00067,2025-02-05 00:00:00,1
GR00068,PO00068,2025-01-28 08:00:00,23
GR00069,PO00069,2025-02-05 16:00:00,10
GR00070,PO00070,2025-02-05 00:00:00,44
GR00071,PO00071,2025-02-06 08:00:00,2
GR00072,PO00072,2025-01-25 16:00:00,13
GR00073,PO00073,2025-02-07 00:00:00,40
GR00074,PO00074,2025-02-04 08:00:00,2
GR00075,PO00075,2025-02-01 16:00:00,84
GR00076,PO00076,2025-02-07 00:00:00,65
GR00077,PO00077,2025-02-05 08:00:00,63
GR00078,PO00078,2025-01-31 16:00:00,73
GR00079,PO00079,2025-02-04 00:00:00,17
GR00080,PO00080,2025-02-05 08:00:00,6
GR00081,PO00081,2025-02-07 16:00:00,75
GR00082,PO00082,2025-02-11 00:00:00,15
GR00083,PO00083,2025-02-04 08:00:00,24
GR00084,PO00084,2025-02-11 16:00:00,38
GR00085,PO00085,2025-02-11 00:00:00,35
GR00086,PO00086,2025-02-05 08:00:00,94
GR00087,PO00087,2025-01-30 16:00:00,95
GR00088,PO00088,2025-02-03 00:00:00,49
GR00089,PO00089,2025-02-01 08:00:00,69
GR00090,PO00090,2025-02-01 16:00:00,62
GR00091,PO00091,2025-02-02 00:00:00,60
GR00092,PO00092,2025-02-04 08:00:00,50
GR00093,PO00093,2025-02-14 16:00:00,78
GR00094,PO00094,2025-02-02 00:00:00,75
GR00095,PO00095,2025-02-05 08:00:00,9
GR00096,PO00096,2025-02-03 16:00:00,34
GR00097,PO00097,2025-02-07 00:00:00,76
GR00098,PO00098,2025-02-05 08:00:00,99
GR00099,PO00099,2025-02-14 16:00:00,35
GR00100,PO00100,2025-02-11 00:00:00,1
GR00101,PO00101,2025-02-07 08:00:00,40
GR00102,PO00102,2025-02-04 16:00:00,64
GR00103,PO00103,2025-02-05 00:00:00,22
GR00104,PO00104,2025-02-16 08:00:00,60
GR00105,PO00105,2025-02-14 16:00:00,64
GR00106,PO00106,2025-02-08 00:00:00,92
GR00107,PO00107,2025-02-14 08:00:00,72
GR00108,PO00108,2025-02-12 16:00:00,11
GR00109,PO00109,2025-02-08 00:00:00,14
GR00110,PO00110,2025-02-19 08:00:00,60
GR00111,PO00111,2025-02-15 16:00:00,30
GR00112,PO00112,2025-02-17 00:00:00,35
GR00113,PO00113,2025-02-09 08:00:00,85
GR00115,PO00115,2025-02-19 00:00:00,5
GR00116,PO00116,2025-02-21 08:00:00,83
GR00117,PO00117,2025-02-18 16:00:00,78
GR00118,PO00118,2025-02-23 00:00:00,26
GR00119,PO00119,2025-02-11 08:00:00,62
GR00120,PO00120,2025-02-12 16:00:00,4
GR00121,PO00121,2025-02-16 00:00:00,89
GR00122,PO00122,2025-02-19 08:00:00,42
GR00123,PO00123,2025-02-19 16:00:00,89
GR00124,PO00124,2025-02-18 00:00:00,18
GR00125,PO00125,2025-02-23 08:00:00,40
GR00126,PO00126,2025-02-14 16:00:00,72
GR00127,PO00127,2025-02-16 00:00:00,39
GR00128,PO00128,2025-02-18 08:00:00,14
GR00129,PO00129,2025-02-23 16:00:00,32
GR00130,PO00130,2025-02-18 00:00:00,50
GR00131,PO00131,2025-02-15 08:00:00,36
GR00132,PO00132,2025-02-26 16:00:00,97
GR00133,PO00133,2025-02-20 00:00:00,23
GR00135,PO00135,2025-02-28 16:00:00,15
GR00136,PO00136,2025-02-23 00:00:00,97
GR00137,PO00137,2025-02-17 08:00:00,25
GR00138,PO00138,2025-02-16 16:00:00,17
GR00139,PO00139,2025-02-25 00:00:00,97
GR00140,PO00140,2025-03-02 08:00:00,66
GR00141,PO00141,2025-02-28 16:00:00,78
GR00142,PO00142,2025-02-20 00:00:00,53
GR00143,PO00143,2025-02-28 08:00:00,51
GR00144,PO00144,2025-02-18 16:00:00,39
GR00145,PO00145,2025-02-25 00:00:00,51
GR00146,PO00146,2025-03-03 08:00:00,70
GR00147,PO00147,2025-02-28 16:00:00,6
GR00148,PO00148,2025-02-24 00:00:00,67
GR00149,PO00149,2025-02-24 08:00:00,7
GR00150,PO00150,2025-03-05 16:00:00,51
GR00151,PO00151,2025-02-21 00:00:00,72
GR00152,PO00152,2025-03-01 08:00:00,42
GR00153,PO00153,2025-02-27 16:00:00,64
GR00154,PO00154,2025-03-01 00:00:00,15
GR00156,PO00156,2025-02-27 16:00:00,33
GR00157,PO00157,2025-03-06 00:00:00,94
GR00158,PO00158,2025-02-27 08:00:00,27
GR00159,PO00159,2025-02-28 16:00:00,36
GR00160,PO00160,2025-03-06 00:00:00,29
GR00161,PO00161,2025-02-25 08:00:00,38
GR00162,PO00162,2025-02-27 16:00:00,57
GR00163,PO00163,2025-02-27 00:00:00,97
GR00164,PO00164,2025-03-09 08:00:00,27
GR00165,PO00165,2025-03-03 16:00:00,55
GR00166,PO00166,2025-03-06 00:00:00,33
GR00167,PO00167,2025-03-02 08:00:00,68
GR00168,PO00168,2025-03-03 16:00:00,86
GR00169,PO00169,2025-03-08 00:00:00,66
GR00170,PO00170,2025-03-12 08:00:00,10
GR00171,PO00171,2025-03-10 16:00:00,5
GR00172,PO00172,2025-03-11 00:00:00,74
GR00173,PO00173,2025-03-01 08:00:00,97
GR00174,PO00174,2025-03-02 16:00:00,38
GR00175,PO00175,2025-03-03 00:00:00,13
GR00176,PO00176,2025-03-12 08:00:00,31
GR00177,PO00177,2025-03-12 16:00:00,47
GR00178,PO00178,2025-03-10 00:00:00,100
GR00179,PO00179,2025-03-08 08:00:00,88
GR00180,PO00180,2025-03-09 16:00:00,52
GR00181,PO00181,2025-03-13 00:00:00,56
GR00182,PO00182,2025-03-12 08:00:00,15
GR00183,PO00183,2025-03-13 16:00:00,29
GR00184,PO00184,2025-03-12 00:00:00,8
GR00185,PO00185,2025-03-09 08:00:00,5
GR00186,PO00186,2025-03-07 16:00:00,29
GR00187,PO00187,2025-03-16 00:00:00,47
GR00188,PO00188,2025-03-05 08:00:00,68
GR00189,PO00189,2025-03-12 16:00:00,76
GR00190,PO00190,2025-03-12 00:00:00,45
GR00191,PO00191,2025-03-07 08:00:00,2
GR00192,PO00192,2025-03-13 16:00:00,27
GR00193,PO00193,2025-03-18 00:00:00,95
GR00194,PO00194,2025-03-11 08:00:00,36
GR00195,PO00195,2025-03-13 16:00:00,36
GR00196,PO00196,2025-03-11 00:00:00,26
GR00197,PO00197,2025-03-12 08:00:00,43
GR00198,PO00198,2025-03-15 16:00:00,27
GR00199,PO00199,2025-03-09 00:00:00,69
GR00200,PO00200,2025-03-09 08:00:00,20
GR00201,PO00201,2025-03-12 16:00:00,11
GR00202,PO00202,2025-03-12 00:00:00,74
GR00203,PO00203,2025-03-22 08:00:00,38
GR00204,PO00204,2025-03-19 16:00:00,6
GR00205,PO00205,2025-03-22 00:00:00,72
GR00206,PO00206,2025-03-12 08:00:00,23
GR00207,PO00207,2025-03-22 16:00:00,47
GR00208,PO00208,2025-03-14 00:00:00,90
GR00209,PO00209,2025-03-22 08:00:00,46
GR00210,PO00210,2025-03-22 16:00:00,12
GR00211,PO00211,2025-03-26 00:00:00,90
GR00212,PO00212,2025-03-23 08:00:00,13
GR00213,PO00213,2025-03-13 16:00:00,62
GR00214,PO00214,2025-03-14 00:00:00,82
GR00215,PO00215,2025-03-19 08:00:00,89
GR00216,PO00216,2025-03-18 16:00:00,97
GR00217,PO00217,2025-03-22 00:00:00,58
GR00218,PO00218,2025-03-16 08:00:00,43
GR00219,PO00219,2025-03-18 16:00:00,76
GR00220,PO00220,2025-03-23 00:00:00,100
GR00221,PO00221,2025-03-27 08:00:00,68
GR00222,PO00222,2025-03-21 16:00:00,5
GR00223,PO00223,2025-03-17 00:00:00,37
GR00224,PO00224,2025-03-20 08:00:00,72
GR00225,PO00225,2025-03-17 16:00:00,92
GR00226,PO00226,2025-03-30 00:00:00,29
GR00227,PO00227,2025-03-19 08:00:00,6
GR00228,PO00228,2025-03-22 16:00:00,47
GR00229,PO00229,2025-04-01 00:00:00,29
GR00230,PO00230,2025-03-26 08:00:00,78
GR00231,PO00231,2025-03-26 16:00:00,40
GR00232,PO00232,2025-03-30 00:00:00,41
GR00233,PO00233,2025-03-22 08:00:00,86
GR00234,PO00234,2025-03-30 16:00:00,11
GR00235,PO00235,2025-04-02 00:00:00,23
GR00236,PO00236,2025-03-24 08:00:00,1
GR00237,PO00237,2025-03-30 16:00:00,46
GR00238,PO00238,2025-04-01 00:00:00,20
GR00239,PO00239,2025-04-04 08:00:00,90
GR00240,PO00240,2025-03-27 16:00:00,36
GR00241,PO00241,2025-04-02 00:00:00,54
GR00242,PO00242,2025-04-02 08:00:00,87
GR00243,PO00243,2025-04-01 16:00:00,57
GR00244,PO00244,2025-03-26 00:00:00,1
GR00245,PO00245,2025-03-25 08:00:00,63
GR00246,PO00246,2025-03-29 16:00:00,54
GR00247,PO00247,2025-04-04 00:00:00,55
GR00248,PO00248,2025-04-06 08:00:00,40
GR00249,PO00249,2025-03-29 16:00:00,15
GR00250,PO00250,2025-04-08 00:00:00,21
GR00251,PO00251,2025-04-04 08:00:00,47
GR00252,PO00252,2025-03-30 16:00:00,73
GR00253,PO00253,2025-04-05 00:00:00,53
GR00254,PO00254,2025-04-08 08:00:00,9
GR00255,PO00255,2025-03-31 16:00:00,71
GR00256,PO00256,2025-04-06 00:00:00,52
GR00257,PO00257,2025-04-08 08:00:00,57
GR00258,PO00258,2025-04-01 16:00:00,26
GR00259,PO00259,2025-03-31 00:00:00,41
GR00260,PO00260,2025-04-04 08:00:00,35
GR00261,PO00261,2025-04-03 16:00:00,63
GR00262,PO00262,2025-04-02 00:00:00,25
GR00263,PO00263,2025-03-31 08:00:00,87
GR00264,PO00264,2025-04-10 16:00:00,75
GR00265,PO00265,2025-04-08 00:00:00,38
GR00266,PO00266,2025-03-31 08:00:00,2
GR00267,PO00267,2025-04-12 16:00:00,7
GR00268,PO00268,2025-04-13 00:00:00,82
GR00269,PO00269,2025-04-11 08:00:00,91
GR00270,PO00270,2025-04-14 16:00:00,34
GR00271,PO00271,2025-04-05 00:00:00,91
GR00272,PO00272,2025-04-02 08:00:00,17
GR00273,PO00273,2025-04-14 16:00:00,43
GR00274,PO00274,2025-04-08 00:00:00,59
GR00275,PO00275,2025-04-06 08:00:00,51
GR00276,PO00276,2025-04-07 16:00:00,54
GR00277,PO00277,2025-04-08 00:00:00,24
GR00278,PO00278,2025-04-12 08:00:00,25
GR00279,PO00279,2025-04-04 16:00:00,71
GR00280,PO00280,2025-04-17 00:00:00,52
GR00281,PO00281,2025-04-06 08:00:00,70
GR00282,PO00282,2025-04-17 16:00:00,88
GR00283,PO00283,2025-04-11 00:00:00,33
GR00284,PO00284,2025-04-10 08:00:00,49
GR00285,PO00285,2025-04-16 16:00:00,29
GR00286,PO00286,2025-04-13 00:00:00,63
GR00287,PO00287,2025-04-09 08:00:00,19
GR00288,PO00288,2025-04-09 16:00:00,26
GR00289,PO00289,2025-04-17 00:00:00,28
GR00290,PO00290,2025-04-09 08:00:00,85
GR00291,PO00291,2025-04-20 16:00:00,49
GR00292,PO00292,2025-04-11 00:00:00,71
GR00293,PO00293,2025-04-18 08:00:00,79
GR00294,PO00294,2025-04-09 16:00:00,84
GR00295,PO00295,2025-04-14 00:00:00,49
GR00296,PO00296,2025-04-23 08:00:00,20
GR00297,PO00297,2025-04-21 16:00:00,82
GR00298,PO00298,2025-04-15 00:00:00,92
GR00299,PO00299,2025-04-22 08:00:00,63
GR00300,PO00300,2025-04-21 16:00:00,59
GR00301,PO00301,2025-04-18 00:00:00,49
GR00302,PO00302,2025-04-15 08:00:00,71
GR00303,PO00303,2025-04-14 16:00:00,1
GR00304,PO00304,2025-04-13 00:00:00,96
GR00305,PO00305,2025-04-24 08:00:00,13
GR00306,PO00306,2025-04-20 16:00:00,94
GR00307,PO00307,2025-04-26 00:00:00,84
GR00308,PO00308,2025-04-16 08:00:00,51
GR00309,PO00309,2025-04-26 16:00:00,56
GR00310,PO00310,2025-04-16 00:00:00,83
GR00311,PO00311,2025-04-25 08:00:00,62
GR00312,PO00312,2025-04-18 16:00:00,32
GR00313,PO00313,2025-04-18 00:00:00,30
GR00314,PO00314,2025-04-28 08:00:00,29
GR00315,PO00315,2025-04-16 16:00:00,49
GR00316,PO00316,2025-04-19 00:00:00,45
GR00317,PO00317,2025-04-28 08:00:00,93
GR00318,PO00318,2025-04-18 16:00:00,30
GR00319,PO00319,2025-04-25 00:00:00,16
GR00320,PO00320,2025-04-23 08:00:00,40
GR00321,PO00321,2025-04-26 16:00:00,19
GR00322,PO00322,2025-04-26 00:00:00,18
GR00323,PO00323,2025-04-28 08:00:00,1
GR00324,PO00324,2025-04-21 16:00:00,78
GR00325,PO00325,2025-04-24 00:00:00,47
GR00326,PO00326,2025-04-26 08:00:00,66
GR00327,PO00327,2025-04-24 16:00:00,92
GR00328,PO00328,2025-04-28 00:00:00,94
GR00329,PO00329,2025-05-02 08:00:00,38
GR00330,PO00330,2025-04-25 16:00:00,51
GR00331,PO00331,2025-04-22 00:00:00,63
GR00332,PO00332,2025-04-26 08:00:00,4
GR00333,PO00333,2025-04-25 16:00:00,1
GR00334,PO00334,2025-04-28 00:00:00,8
GR00335,PO00335,2025-04-25 08:00:00,29
GR00336,PO00336,2025-05-03 16:00:00,55
GR00337,PO00337,2025-04-28 00:00:00,3
GR00338,PO00338,2025-04-25 08:00:00,32
GR00339,PO00339,2025-05-04 16:00:00,10
GR00340,PO00340,2025-04-30 00:00:00,74
GR00341,PO00341,2025-05-07 08:00:00,83
GR00342,PO00342,2025-05-06 16:00:00,34
GR00343,PO00343,2025-05-01 00:00:00,97
GR00344,PO00344,2025-04-30 08:00:00,87
GR00345,PO00345,2025-05-01 16:00:00,55
GR00346,PO00346,2025-05-07 00:00:00,92
GR00347,PO00347,2025-05-03 08:00:00,32
GR00348,PO00348,2025-05-08 16:00:00,50
GR00349,PO00349,2025-05-02 00:00:00,7
GR00350,PO00350,2025-04-28 08:00:00,93
GR00351,PO00351,2025-05-05 16:00:00,8
GR00352,PO00352,2025-05-02 00:00:00,65
GR00353,PO00353,2025-05-07 08:00:00,57
GR00354,PO00354,2025-05-12 16:00:00,67
GR00355,PO00355,2025-05-09 00:00:00,88
GR00356,PO00356,2025-05-11 08:00:00,87
GR00357,PO00357,2025-05-05 16:00:00,59
GR00358,PO00358,2025-05-01 00:00:00,72
GR00360,PO00360,2025-05-03 16:00:00,67
GR00361,PO00361,2025-05-11 00:00:00,51
GR00362,PO00362,2025-05-13 08:00:00,97
GR00363,PO00363,2025-05-13 16:00:00,92
GR00364,PO00364,2025-05-06 00:00:00,8
GR00365,PO00365,2025-05-08 08:00:00,34
GR00366,PO00366,2025-05-09 16:00:00,35
GR00367,PO00367,2025-05-13 00:00:00,96
GR00368,PO00368,2025-05-07 08:00:00,88
GR00369,PO00369,2025-05-09 16:00:00,78
GR00370,PO00370,2025-05-15 00:00:00,32
GR00371,PO00371,2025-05-05 08:00:00,46
GR00372,PO00372,2025-05-18 16:00:00,16
GR00374,PO00374,2025-05-12 08:00:00,37
GR00375,PO00375,2025-05-16 16:00:00,54
GR00376,PO00376,2025-05-17 00:00:00,85
GR00377,PO00377,2025-05-15 08:00:00,14
GR00378,PO00378,2025-05-09 16:00:00,95
GR00379,PO00379,2025-05-09 00:00:00,55
GR00380,PO00380,2025-05-08 08:00:00,48
GR00381,PO00381,2025-05-10 16:00:00,82
GR00382,PO00382,2025-05-13 00:00:00,7
GR00383,PO00383,2025-05-22 08:00:00,74
GR00384,PO00384,2025-05-19 16:00:00,7
GR00385,PO00385,2025-05-11 00:00:00,33
GR00386,PO00386,2025-05-21 08:00:00,23
GR00387,PO00387,2025-05-12 16:00:00,85
GR00388,PO00388,2025-05-14 00:00:00,19
GR00389,PO00389,2025-05-17 08:00:00,19
GR00390,PO00390,2025-05-23 16:00:00,36
GR00391,PO00391,2025-05-14 00:00:00,29
GR00392,PO00392,2025-05-20 08:00:00,60
GR00393,PO00393,2025-05-19 16:00:00,82
GR00394,PO00394,2025-05-16 00:00:00,2
GR00395,PO00395,2025-05-25 08:00:00,1
GR00396,PO00396,2025-05-13 16:00:00,47
GR00398,PO00398,2025-05-14 08:00:00,16
GR00399,PO00399,2025-05-14 16:00:00,11
GR00400,PO00400,2025-05-22 00:00:00,2
GR00401,PO00401,2025-05-17 08:00:00,67
GR00402,PO00402,2025-05-20 16:00:00,87
GR00403,PO00403,2025-05-18 00:00:00,12
GR00404,PO00404,2025-05-26 08:00:00,20
GR00405,PO00405,2025-05-20 16:00:00,5
GR00406,PO00406,2025-05-29 00:00:00,37
GR00407,PO00407,2025-05-30 08:00:00,38
GR00408,PO00408,2025-05-29 16:00:00,94
GR00410,PO00410,2025-05-19 08:00:00,98
GR00411,PO00411,2025-05-23 16:00:00,53
GR00412,PO00412,2025-05-31 00:00:00,44
GR00413,PO00413,2025-05-24 08:00:00,99
GR00414,PO00414,2025-05-29 16:00:00,86
GR00415,PO00415,2025-05-22 00:00:00,24
GR00416,PO00416,2025-05-25 08:00:00,81
GR00417,PO00417,2025-05-29 16:00:00,74
GR00418,PO00418,2025-05-30 00:00:00,30
GR00419,PO00419,2025-06-03 08:00:00,59
GR00420,PO00420,2025-05-25 16:00:00,87
GR00421,PO00421,2025-06-02 00:00:00,96
GR00422,PO00422,2025-05-23 08:00:00,81
GR00423,PO00423,2025-05-30 16:00:00,81
GR00424,PO00424,2025-05-30 00:00:00,10
GR00425,PO00425,2025-05-25 08:00:00,9
GR00426,PO00426,2025-05-30 16:00:00,40
GR00427,PO00427,2025-06-06 00:00:00,66
GR00428,PO00428,2025-06-01 08:00:00,25
GR00429,PO00429,2025-06-06 16:00:00,73
GR00430,PO00430,2025-05-27 00:00:00,22
GR00431,PO00431,2025-05-27 08:00:00,4
GR00432,PO00432,2025-05-26 16:00:00,26
GR00433,PO00433,2025-06-02 00:00:00,58
GR00434,PO00434,2025-06-04 08:00:00,29
GR00436,PO00436,2025-06-03 00:00:00,87
GR00438,PO00438,2025-06-09 16:00:00,75
GR00439,PO00439,2025-06-03 00:00:00,70
GR00440,PO00440,2025-05-30 08:00:00,18
GR00441,PO00441,2025-05-28 16:00:00,85
GR00442,PO00442,2025-06-01 00:00:00,42
GR00443,PO00443,2025-06-06 08:00:00,100
GR00444,PO00444,2025-06-02 16:00:00,41
GR00445,PO00445,2025-05-30 00:00:00,38
GR00446,PO00446,2025-06-03 08:00:00,34
GR00447,PO00447,2025-06-11 16:00:00,17
GR00448,PO00448,2025-06-07 00:00:00,37
GR00449,PO00449,2025-06-07 08:00:00,25
GR00450,PO00450,2025-06-04 16:00:00,76
GR00451,PO00451,2025-06-12 00:00:00,87
GR00452,PO00452,2025-06-09 08:00:00,86
GR00453,PO00453,2025-06-01 16:00:00,85
GR00454,PO00454,2025-06-05 00:00:00,27
GR00455,PO00455,2025-06-04 08:00:00,57
GR00456,PO00456,2025-06-03 16:00:00,31
GR00457,PO00457,2025-06-10 00:00:00,6
GR00458,PO00458,2025-06-09 08:00:00,91
GR00459,PO00459,2025-06-11 16:00:00,40
GR00460,PO00460,2025-06-05 00:00:00,98
GR00461,PO00461,2025-06-17 08:00:00,12
GR00462,PO00462,2025-06-17 16:00:00,53
GR00463,PO00463,2025-06-08 00:00:00,71
GR00464,PO00464,2025-06-18 08:00:00,10
GR00465,PO00465,2025-06-10 16:00:00,45
GR00466,PO00466,2025-06-16 00:00:00,17
GR00467,PO00467,2025-06-08 08:00:00,26
GR00468,PO00468,2025-06-13 16:00:00,85
GR00469,PO00469,2025-06-09 00:00:00,92
GR00470,PO00470,2025-06-20 08:00:00,60
GR00471,PO00471,2025-06-18 16:00:00,46
GR00472,PO00472,2025-06-20 00:00:00,62
GR00473,PO00473,2025-06-20 08:00:00,2
GR00474,PO00474,2025-06-09 16:00:00,54
GR00475,PO00475,2025-06-21 00:00:00,65
GR00476,PO00476,2025-06-21 08:00:00,51
GR00477,PO00477,2025-06-11 16:00:00,53
GR00479,PO00479,2025-06-15 08:00:00,26
GR00480,PO00480,2025-06-11 16:00:00,29
GR00481,PO00481,2025-06-18 00:00:00,21
GR00482,PO00482,2025-06-11 08:00:00,11
GR00483,PO00483,2025-06-17 16:00:00,40
GR00484,PO00484,2025-06-13 00:00:00,11
GR00485,PO00485,2025-06-21 08:00:00,36
GR00486,PO00486,2025-06-23 16:00:00,59
GR00487,PO00487,2025-06-18 00:00:00,38
GR00488,PO00488,2025-06-24 08:00:00,99
GR00489,PO00489,2025-06-14 16:00:00,54
GR00490,PO00490,2025-06-15 00:00:00,98
GR00491,PO00491,2025-06-23 08:00:00,55
GR00492,PO00492,2025-06-26 16:00:00,24
GR00493,PO00493,2025-06-22 00:00:00,22
GR00494,PO00494,2025-06-26 08:00:00,69
GR00495,PO00495,2025-06-16 16:00:00,56
GR00496,PO00496,2025-06-22 00:00:00,33
GR00497,PO00497,2025-06-18 08:00:00,36
GR00498,PO00498,2025-06-23 16:00:00,20
GR00499,PO00499,2025-06-23 00:00:00,82
GR00500,PO00500,2025-06-30 08:00:00,99
GR00502,PO00502,2025-07-01 00:00:00,62
GR00503,PO00503,2025-06-24 08:00:00,98
GR00504,PO00504,2025-06-28 16:00:00,73
GR00505,PO00505,2025-06-24 00:00:00,26
GR00506,PO00506,2025-07-01 08:00:00,66
GR00507,PO00507,2025-06-25 16:00:00,73
GR00508,PO00508,2025-06-24 00:00:00,73
GR00509,PO00509,2025-06-26 08:00:00,40
GR00510,PO00510,2025-06-20 16:00:00,17
GR00511,PO00511,2025-06-21 00:00:00,1
GR00512,PO00512,2025-06-29 08:00:00,89
GR00513,PO00513,2025-07-04 16:00:00,58
GR00514,PO00514,2025-06-26 00:00:00,43
GR00515,PO00515,2025-07-04 08:00:00,42
GR00516,PO00516,2025-06-26 16:00:00,25
GR00517,PO00517,2025-06-25 00:00:00,39
GR00518,PO00518,2025-06-27 08:00:00,35
GR00519,PO00519,2025-06-25 16:00:00,3
GR00520,PO00520,2025-07-02 00:00:00,44
GR00521,PO00521,2025-07-02 08:00:00,51
GR00522,PO00522,2025-06-29 16:00:00,94
GR00523,PO00523,2025-06-25 00:00:00,97
GR00524,PO00524,2025-07-01 08:00:00,12
GR00525,PO00525,2025-07-01 16:00:00,19
GR00526,PO00526,2025-07-09 00:00:00,44
GR00527,PO00527,2025-07-05 08:00:00,59
GR00528,PO00528,2025-07-05 16:00:00,49
GR00529,PO00529,2025-06-30 00:00:00,61
GR00530,PO00530,2025-07-04 08:00:00,17
GR00531,PO00531,2025-07-02 16:00:00,74
GR00532,PO00532,2025-07-01 00:00:00,57
GR00533,PO00533,2025-07-01 08:00:00,55
GR00534,PO00534,2025-06-29 16:00:00,47
GR00535,PO00535,2025-07-12 00:00:00,9
GR00536,PO00536,2025-06-30 08:00:00,62
GR00537,PO00537,2025-07-10 16:00:00,80
GR00538,PO00538,2025-07-13 00:00:00,88
GR00539,PO00539,2025-07-03 08:00:00,83
GR00540,PO00540,2025-07-04 16:00:00,8
GR00541,PO00541,2025-07-08 00:00:00,95
GR00542,PO00542,2025-07-06 08:00:00,21
GR00543,PO00543,2025-07-14 16:00:00,81
GR00544,PO00544,2025-07-05 00:00:00,87
GR00545,PO00545,2025-07-14 08:00:00,80
GR00546,PO00546,2025-07-12 16:00:00,70
GR00547,PO00547,2025-07-09 00:00:00,72
GR00548,PO00548,2025-07-10 08:00:00,25
GR00549,PO00549,2025-07-04 16:00:00,82
GR00550,PO00550,2025-07-15 00:00:00,89
GR00551,PO00551,2025-07-10 08:00:00,12
GR00552,PO00552,2025-07-17 16:00:00,15
GR00553,PO00553,2025-07-06 00:00:00,59
GR00554,PO00554,2025-07-06 08:00:00,26
GR00555,PO00555,2025-07-12 16:00:00,26
GR00556,PO00556,2025-07-07 00:00:00,47
GR00557,PO00557,2025-07-16 08:00:00,32
GR00558,PO00558,2025-07-14 16:00:00,10
GR00559,PO00559,2025-07-18 00:00:00,16
GR00560,PO00560,2025-07-07 08:00:00,71
GR00561,PO00561,2025-07-15 16:00:00,17
GR00562,PO00562,2025-07-08 00:00:00,23
GR00563,PO00563,2025-07-17 08:00:00,26
GR00564,PO00564,2025-07-20 16:00:00,85
GR00565,PO00565,2025-07-18 00:00:00,86
GR00566,PO00566,2025-07-10 08:00:00,7
GR00567,PO00567,2025-07-14 16:00:00,14
GR00568,PO00568,2025-07-15 00:00:00,79
GR00569,PO00569,2025-07-10 08:00:00,7
GR00570,PO00570,2025-07-16 16:00:00,9
GR00571,PO00571,2025-07-18 00:00:00,48
GR00572,PO00572,2025-07-12 08:00:00,72
GR00573,PO00573,2025-07-18 16:00:00,58
GR00574,PO00574,2025-07-20 00:00:00,87
GR00575,PO00575,2025-07-17 08:00:00,93
GR00576,PO00576,2025-07-16 16:00:00,82
GR00577,PO00577,2025-07-24 00:00:00,95
GR00578,PO00578,2025-07-21 08:00:00,90
GR00579,PO00579,2025-07-25 16:00:00,39
GR00580,PO00580,2025-07-25 00:00:00,99
GR00581,PO00581,2025-07-24 08:00:00,18
GR00582,PO00582,2025-07-22 16:00:00,59
GR00583,PO00583,2025-07-15 00:00:00,17
GR00584,PO00584,2025-07-25 08:00:00,14
GR00585,PO00585,2025-07-17 16:00:00,31
GR00586,PO00586,2025-07-24 00:00:00,24
GR00587,PO00587,2025-07-26 08:00:00,95
GR00588,PO00588,2025-07-17 16:00:00,60
GR00589,PO00589,2025-07-28 00:00:00,45
GR00590,PO00590,2025-07-20 08:00:00,98
GR00591,PO00591,2025-07-20 16:00:00,3
GR00592,PO00592,2025-07-19 00:00:00,37
GR00593,PO00593,2025-07-20 08:00:00,43
GR00594,PO00594,2025-07-30 16:00:00,36
GR00595,PO00595,2025-07-21 00:00:00,90
GR00596,PO00596,2025-07-19 08:00:00,55
GR00597,PO00597,2025-07-24 16:00:00,83
GR00598,PO00598,2025-07-27 00:00:00,39
GR00599,PO00599,2025-07-31 08:00:00,15
GR00600,PO00600,2025-07-22 16:00:00,4
GR00601,PO00601,2025-07-25 00:00:00,93
GR00602,PO00602,2025-07-21 08:00:00,86
GR00603,PO00603,2025-07-30 16:00:00,25
GR00604,PO00604,2025-07-28 00:00:00,13
GR00605,PO00605,2025-07-31 08:00:00,82
GR00606,PO00606,2025-08-03 16:00:00,33
GR00607,PO00607,2025-07-23 00:00:00,16
GR00608,PO00608,2025-08-03 08:00:00,42
GR00609,PO00609,2025-08-02 16:00:00,66
GR00610,PO00610,2025-08-01 00:00:00,55
GR00611,PO00611,2025-07-31 08:00:00,99
GR00612,PO00612,2025-07-30 16:00:00,42
GR00613,PO00613,2025-08-03 00:00:00,34
GR00614,PO00614,2025-07-31 08:00:00,30
GR00615,PO00615,2025-07-29 16:00:00,13
GR00616,PO00616,2025-07-30 00:00:00,13
GR00617,PO00617,2025-08-05 08:00:00,18
GR00618,PO00618,2025-08-07 16:00:00,32
GR00619,PO00619,2025-07-31 00:00:00,96
GR00621,PO00621,2025-08-03 16:00:00,39
GR00622,PO00622,2025-08-08 00:00:00,46
GR00623,PO00623,2025-08-07 08:00:00,28
GR00624,PO00624,2025-07-28 16:00:00,62
GR00625,PO00625,2025-08-01 00:00:00,93
GR00626,PO00626,2025-08-06 08:00:00,62
GR00627,PO00627,2025-08-11 16:00:00,57
GR00628,PO00628,2025-08-07 00:00:00,16
GR00629,PO00629,2025-08-03 08:00:00,56
GR00630,PO00630,2025-08-02 16:00:00,10
GR00631,PO00631,2025-08-02 00:00:00,30
GR00632,PO00632,2025-08-02 08:00:00,25
GR00633,PO00633,2025-08-11 16:00:00,84
GR00634,PO00634,2025-08-05 00:00:00,5
GR00635,PO00635,2025-08-10 08:00:00,65
GR00636,PO00636,2025-08-01 16:00:00,94
GR00637,PO00637,2025-08-06 00:00:00,49
GR00638,PO00638,2025-08-07 08:00:00,3
GR00639,PO00639,2025-08-08 16:00:00,45
GR00640,PO00640,2025-08-14 00:00:00,14
GR00641,PO00641,2025-08-11 08:00:00,30
GR00642,PO00642,2025-08-05 16:00:00,65
GR00643,PO00643,2025-08-05 00:00:00,18
GR00644,PO00644,2025-08-17 08:00:00,62
GR00645,PO00645,2025-08-06 16:00:00,37
GR00646,PO00646,2025-08-16 00:00:00,25
GR00647,PO00647,2025-08-13 08:00:00,48
GR00648,PO00648,2025-08-16 16:00:00,65
GR00649,PO00649,2025-08-12 00:00:00,53
GR00650,PO00650,2025-08-14 08:00:00,79
GR00651,PO00651,2025-08-18 16:00:00,73
GR00652,PO00652,2025-08-08 00:00:00,15
GR00653,PO00653,2025-08-11 08:00:00,49
GR00654,PO00654,2025-08-19 16:00:00,88
GR00655,PO00655,2025-08-11 00:00:00,68
GR00656,PO00656,2025-08-09 08:00:00,12
GR00657,PO00657,2025-08-16 16:00:00,59
GR00659,PO00659,2025-08-14 08:00:00,61
GR00660,PO00660,2025-08-19 16:00:00,43
GR00661,PO00661,2025-08-15 00:00:00,70
GR00662,PO00662,2025-08-17 08:00:00,39
GR00663,PO00663,2025-08-15 16:00:00,56
GR00664,PO00664,2025-08-11 00:00:00,63
GR00665,PO00665,2025-08-14 08:00:00,46
GR00666,PO00666,2025-08-23 16:00:00,88
GR00667,PO00667,2025-08-18 00:00:00,11
GR00668,PO00668,2025-08-24 08:00:00,62
GR00669,PO00669,2025-08-24 16:00:00,77
GR00670,PO00670,2025-08-14 00:00:00,95
GR00671,PO00671,2025-08-21 08:00:00,25
GR00672,PO00672,2025-08-20 16:00:00,68
GR00673,PO00673,2025-08-21 00:00:00,52
GR00674,PO00674,2025-08-20 08:00:00,4
GR00675,PO00675,2025-08-17 16:00:00,59
GR00676,PO00676,2025-08-16 00:00:00,72
GR00677,PO00677,2025-08-17 08:00:00,20
GR00678,PO00678,2025-08-26 16:00:00,93
GR00679,PO00679,2025-08-21 00:00:00,63
GR00680,PO00680,2025-08-27 08:00:00,54
GR00681,PO00681,2025-08-27 16:00:00,74
GR00682,PO00682,2025-08-21 00:00:00,98
GR00683,PO00683,2025-08-28 08:00:00,57
GR00684,PO00684,2025-08-24 16:00:00,90
GR00685,PO00685,2025-08-23 00:00:00,41
GR00686,PO00686,2025-08-23 08:00:00,3
GR00687,PO00687,2025-08-18 16:00:00,6
GR00688,PO00688,2025-08-22 00:00:00,5
GR00690,PO00690,2025-08-30 16:00:00,54
GR00691,PO00691,2025-08-30 00:00:00,47
GR00692,PO00692,2025-08-22 08:00:00,87
GR00693,PO00693,2025-09-01 16:00:00,49
GR00694,PO00694,2025-08-29 00:00:00,9
GR00695,PO00695,2025-08-21 08:00:00,99
GR00696,PO00696,2025-08-26 16:00:00,20
GR00697,PO00697,2025-08-27 00:00:00,61
GR00698,PO00698,2025-08-31 08:00:00,35
GR00699,PO00699,2025-08-26 16:00:00,50
GR00700,PO00700,2025-09-03 00:00:00,82
GR00701,PO00701,2025-08-27 08:00:00,62
GR00702,PO00702,2025-09-01 16:00:00,17
GR00703,PO00703,2025-09-06 00:00:00,88
GR00704,PO00704,2025-09-05 08:00:00,3
GR00705,PO00705,2025-08-28 16:00:00,32
GR00706,PO00706,2025-08-30 00:00:00,99
GR00708,PO00708,2025-08-26 16:00:00,89
GR00709,PO00709,2025-08-31 00:00:00,73
GR00710,PO00710,2025-08-26 08:00:00,68
GR00711,PO00711,2025-08-29 16:00:00,14
GR00712,PO00712,2025-09-09 00:00:00,98
GR00713,PO00713,2025-09-05 08:00:00,11
GR00714,PO00714,2025-08-29 16:00:00,56
GR00715,PO00715,2025-09-05 00:00:00,67
GR00716,PO00716,2025-08-30 08:00:00,92
GR00717,PO00717,2025-09-02 16:00:00,29
GR00718,PO00718,2025-08-29 00:00:00,9
GR00719,PO00719,2025-09-09 08:00:00,67
GR00720,PO00720,2025-09-03 16:00:00,25
GR00721,PO00721,2025-09-02 00:00:00,98
GR00722,PO00722,2025-09-06 08:00:00,76
GR00723,PO00723,2025-09-11 16:00:00,42
GR00725,PO00725,2025-09-08 08:00:00,79
GR00726,PO00726,2025-09-03 16:00:00,40
GR00727,PO00727,2025-09-10 00:00:00,25
GR00728,PO00728,2025-09-12 08:00:00,5
GR00729,PO00729,2025-09-10 16:00:00,11
GR00730,PO00730,2025-09-07 00:00:00,59
GR00731,PO00731,2025-09-02 08:00:00,98
GR00732,PO00732,2025-09-05 16:00:00,88
GR00733,PO00733,2025-09-09 00:00:00,79
GR00734,PO00734,2025-09-14 08:00:00,38
GR00735,PO00735,2025-09-03 16:00:00,72
GR00737,PO00737,2025-09-15 08:00:00,44
GR00738,PO00738,2025-09-13 16:00:00,90
GR00739,PO00739,2025-09-16 00:00:00,18
GR00740,PO00740,2025-09-15 08:00:00,70
GR00741,PO00741,2025-09-10 16:00:00,36
GR00742,PO00742,2025-09-10 00:00:00,60
GR00743,PO00743,2025-09-15 08:00:00,48
GR00744,PO00744,2025-09-16 16:00:00,77
GR00745,PO00745,2025-09-20 00:00:00,28
GR00746,PO00746,2025-09-15 08:00:00,69
GR00747,PO00747,2025-09-08 16:00:00,77
GR00748,PO00748,2025-09-12 00:00:00,81
GR00749,PO00749,2025-09-13 08:00:00,40
GR00750,PO00750,2025-09-14 16:00:00,45
GR00751,PO00751,2025-09-13 00:00:00,96
GR00752,PO00752,2025-09-17 08:00:00,62
GR00753,PO00753,2025-09-09 16:00:00,93
GR00754,PO00754,2025-09-16 00:00:00,58
GR00755,PO00755,2025-09-19 08:00:00,67
GR00757,PO00757,2025-09-14 00:00:00,40
GR00758,PO00758,2025-09-19 08:00:00,98
GR00759,PO00759,2025-09-24 16:00:00,40
GR00760,PO00760,2025-09-23 00:00:00,90
GR00761,PO00761,2025-09-22 08:00:00,77
GR00762,PO00762,2025-09-16 16:00:00,33
GR00763,PO00763,2025-09-16 00:00:00,6
GR00764,PO00764,2025-09-25 08:00:00,88
GR00766,PO00766,2025-09-17 00:00:00,80
GR00767,PO00767,2025-09-16 08:00:00,40
GR00768,PO00768,2025-09-22 16:00:00,92
GR00769,PO00769,2025-09-25 00:00:00,97
GR00770,PO00770,2025-09-22 08:00:00,59
GR00771,PO00771,2025-09-15 16:00:00,59
GR00772,PO00772,2025-09-22 00:00:00,48
GR00773,PO00773,2025-09-24 08:00:00,41
GR00774,PO00774,2025-09-23 16:00:00,13
GR00775,PO00775,2025-09-24 00:00:00,41
GR00776,PO00776,2025-09-29 08:00:00,89
GR00777,PO00777,2025-09-22 16:00:00,53
GR00778,PO00778,2025-09-28 00:00:00,42
GR00779,PO00779,2025-09-21 08:00:00,100
GR00780,PO00780,2025-09-25 16:00:00,63
GR00781,PO00781,2025-09-21 00:00:00,27
GR00782,PO00782,2025-10-01 08:00:00,38
GR00783,PO00783,2025-09-27 16:00:00,60
GR00784,PO00784,2025-10-02 00:00:00,7
GR00785,PO00785,2025-09-21 08:00:00,5
GR00786,PO00786,2025-09-21 16:00:00,45
GR00787,PO00787,2025-10-02 00:00:00,58
GR00788,PO00788,2025-10-03 08:00:00,31
GR00789,PO00789,2025-10-02 16:00:00,23
GR00790,PO00790,2025-09-28 00:00:00,42
GR00791,PO00791,2025-10-03 08:00:00,10
GR00792,PO00792,2025-10-01 16:00:00,31
GR00793,PO00793,2025-09-26 00:00:00,53
GR00794,PO00794,2025-10-02 08:00:00,30
GR00795,PO00795,2025-09-30 16:00:00,39
GR00796,PO00796,2025-10-02 00:00:00,31
GR00797,PO00797,2025-09-30 08:00:00,82
GR00798,PO00798,2025-09-28 16:00:00,100
GR00799,PO00799,2025-10-02 00:00:00,2
GR00800,PO00800,2025-09-28 08:00:00,78
GR00801,PO00801,2025-09-26 16:00:00,77
GR00803,PO00803,2025-10-07 08:00:00,12
GR00804,PO00804,2025-10-01 16:00:00,39
GR00805,PO00805,2025-10-05 00:00:00,66
GR00806,PO00806,2025-09-27 08:00:00,94
GR00807,PO00807,2025-10-07 16:00:00,13
GR00808,PO00808,2025-10-07 00:00:00,46
GR00810,PO00810,2025-10-04 16:00:00,17
GR00811,PO00811,2025-10-08 00:00:00,95
GR00812,PO00812,2025-10-07 08:00:00,96
GR00813,PO00813,2025-10-08 16:00:00,60
GR00814,PO00814,2025-10-08 00:00:00,64
GR00815,PO00815,2025-10-09 08:00:00,88
GR00816,PO00816,2025-10-10 16:00:00,35
GR00817,PO00817,2025-10-13 00:00:00,70
GR00818,PO00818,2025-10-03 08:00:00,83
GR00819,PO00819,2025-10-11 16:00:00,30
GR00820,PO00820,2025-10-14 00:00:00,71
GR00821,PO00821,2025-10-06 08:00:00,74
GR00822,PO00822,2025-10-09 16:00:00,96
GR00823,PO00823,2025-10-10 00:00:00,98
GR00824,PO00824,2025-10-06 08:00:00,63
GR00825,PO00825,2025-10-14 16:00:00,28
GR00826,PO00826,2025-10-14 00:00:00,60
GR00827,PO00827,2025-10-14 08:00:00,75
GR00828,PO00828,2025-10-04 16:00:00,94
GR00829,PO00829,2025-10-05 00:00:00,36
GR00830,PO00830,2025-10-08 08:00:00,93
GR00831,PO00831,2025-10-10 16:00:00,22
GR00832,PO00832,2025-10-13 00:00:00,68
GR00833,PO00833,2025-10-11 08:00:00,20
GR00834,PO00834,2025-10-17 16:00:00,96
GR00835,PO00835,2025-10-15 00:00:00,100
GR00836,PO00836,2025-10-15 08:00:00,68
GR00837,PO00837,2025-10-20 16:00:00,91
GR00838,PO00838,2025-10-09 00:00:00,62
GR00839,PO00839,2025-10-17 08:00:00,17
GR00840,PO00840,2025-10-08 16:00:00,12
GR00841,PO00841,2025-10-10 00:00:00,22
GR00842,PO00842,2025-10-13 08:00:00,17
GR00843,PO00843,2025-10-12 16:00:00,10
GR00844,PO00844,2025-10-13 00:00:00,65
GR00845,PO00845,2025-10-18 08:00:00,22
GR00846,PO00846,2025-10-20 16:00:00,90
GR00847,PO00847,2025-10-18 00:00:00,82
GR00848,PO00848,2025-10-16 08:00:00,50
GR00849,PO00849,2025-10-11 16:00:00,14
GR00850,PO00850,2025-10-13 00:00:00,64
GR00851,PO00851,2025-10-17 08:00:00,47
GR00852,PO00852,2025-10-22 16:00:00,29
GR00853,PO00853,2025-10-14 00:00:00,76
GR00854,PO00854,2025-10-25 08:00:00,36
GR00855,PO00855,2025-10-22 16:00:00,99
GR00856,PO00856,2025-10-18 00:00:00,52
GR00857,PO00857,2025-10-27 08:00:00,76
GR00858,PO00858,2025-10-18 16:00:00,7
GR00859,PO00859,2025-10-20 00:00:00,29
GR00860,PO00860,2025-10-20 08:00:00,11
GR00861,PO00861,2025-10-28 16:00:00,33
GR00863,PO00863,2025-10-29 08:00:00,79
GR00864,PO00864,2025-10-17 16:00:00,32
GR00865,PO00865,2025-10-30 00:00:00,51
GR00866,PO00866,2025-10-26 08:00:00,75
GR00867,PO00867,2025-10-30 16:00:00,58
GR00868,PO00868,2025-10-30 00:00:00,87
GR00869,PO00869,2025-10-31 08:00:00,26
GR00870,PO00870,2025-10-20 16:00:00,98
GR00871,PO00871,2025-11-01 00:00:00,46
GR00872,PO00872,2025-10-24 08:00:00,98
GR00873,PO00873,2025-10-31 16:00:00,29
GR00874,PO00874,2025-10-27 00:00:00,4
GR00875,PO00875,2025-10-31 08:00:00,81
GR00876,PO00876,2025-11-01 16:00:00,99
GR00877,PO00877,2025-10-31 00:00:00,13
GR00878,PO00878,2025-11-01 08:00:00,39
GR00879,PO00879,2025-10-21 16:00:00,15
GR00880,PO00880,2025-10-22 00:00:00,29
GR00881,PO00881,2025-11-01 08:00:00,29
GR00883,PO00883,2025-10-24 00:00:00,32
GR00884,PO00884,2025-11-02 08:00:00,2
GR00885,PO00885,2025-11-03 16:00:00,47
GR00886,PO00886,2025-11-04 00:00:00,78
GR00887,PO00887,2025-10-29 08:00:00,84
GR00888,PO00888,2025-11-01 16:00:00,22
GR00889,PO00889,2025-10-28 00:00:00,75
GR00890,PO00890,2025-10-27 08:00:00,27
GR00891,PO00891,2025-11-05 16:00:00,67
GR00892,PO00892,2025-11-02 00:00:00,81
GR00893,PO00893,2025-11-05 08:00:00,54
GR00894,PO00894,2025-11-04 16:00:00,92
GR00895,PO00895,2025-11-09 00:00:00,93
GR00896,PO00896,2025-11-04 08:00:00,21
GR00897,PO00897,2025-11-07 16:00:00,47
GR00898,PO00898,2025-11-07 00:00:00,76
GR00899,PO00899,2025-11-01 08:00:00,59
GR00900,PO00900,2025-11-05 16:00:00,84
GR00901,PO00901,2025-10-30 00:00:00,6
GR00902,PO00902,2025-10-31 08:00:00,15
GR00903,PO00903,2025-11-04 16:00:00,57
GR00904,PO00904,2025-11-05 00:00:00,69
GR00905,PO00905,2025-11-04 08:00:00,3
GR00906,PO00906,2025-11-04 16:00:00,1
GR00907,PO00907,2025-11-01 00:00:00,58
GR00908,PO00908,2025-11-09 08:00:00,38
GR00909,PO00909,2025-11-05 16:00:00,15
GR00910,PO00910,2025-11-04 00:00:00,34
GR00911,PO00911,2025-11-12 08:00:00,61
GR00912,PO00912,2025-11-03 16:00:00,35
GR00913,PO00913,2025-11-14 00:00:00,62
GR00914,PO00914,2025-11-12 08:00:00,25
GR00915,PO00915,2025-11-14 16:00:00,24
GR00916,PO00916,2025-11-04 00:00:00,12
GR00917,PO00917,2025-11-03 08:00:00,18
GR00918,PO00918,2025-11-13 16:00:00,15
GR00919,PO00919,2025-11-14 00:00:00,80
GR00920,PO00920,2025-11-08 08:00:00,27
GR00921,PO00921,2025-11-05 16:00:00,72
GR00922,PO00922,2025-11-06 00:00:00,60
GR00923,PO00923,2025-11-11 08:00:00,46
GR00924,PO00924,2025-11-12 16:00:00,89
GR00925,PO00925,2025-11-18 00:00:00,17
GR00927,PO00927,2025-11-13 16:00:00,53
GR00928,PO00928,2025-11-20 00:00:00,8
GR00929,PO00929,2025-11-10 08:00:00,79
GR00930,PO00930,2025-11-20 16:00:00,25
GR00931,PO00931,2025-11-08 00:00:00,46
GR00932,PO00932,2025-11-18 08:00:00,50
GR00933,PO00933,2025-11-14 16:00:00,71
GR00934,PO00934,2025-11-09 00:00:00,3
GR00935,PO00935,2025-11-19 08:00:00,93
GR00936,PO00936,2025-11-12 16:00:00,64
GR00937,PO00937,2025-11-17 00:00:00,44
GR00938,PO00938,2025-11-11 08:00:00,53
GR00939,PO00939,2025-11-15 16:00:00,24
GR00940,PO00940,2025-11-23 00:00:00,60
GR00941,PO00941,2025-11-16 08:00:00,3
GR00943,PO00943,2025-11-20 00:00:00,46
GR00944,PO00944,2025-11-16 08:00:00,15
GR00945,PO00945,2025-11-21 16:00:00,25
GR00946,PO00946,2025-11-16 00:00:00,94
GR00947,PO00947,2025-11-17 08:00:00,78
GR00948,PO00948,2025-11-24 16:00:00,71
GR00949,PO00949,2025-11-25 00:00:00,17
GR00950,PO00950,2025-11-23 08:00:00,84
GR00951,PO00951,2025-11-24 16:00:00,100
GR00952,PO00952,2025-11-19 00:00:00,9
GR00953,PO00953,2025-11-22 08:00:00,38
GR00954,PO00954,2025-11-24 16:00:00,44
GR00955,PO00955,2025-11-27 00:00:00,60
GR00956,PO00956,2025-11-23 08:00:00,61
GR00957,PO00957,2025-11-17 16:00:00,86
GR00959,PO00959,2025-11-24 08:00:00,88
GR00960,PO00960,2025-11-27 16:00:00,72
GR00961,PO00961,2025-11-23 00:00:00,11
GR00962,PO00962,2025-11-22 08:00:00,64
GR00963,PO00963,2025-11-28 16:00:00,77
GR00964,PO00964,2025-11-27 00:00:00,81
GR00965,PO00965,2025-12-01 08:00:00,72
GR00966,PO00966,2025-11-21 16:00:00,21
GR00967,PO00967,2025-12-01 00:00:00,18
GR00968,PO00968,2025-12-02 08:00:00,94
GR00969,PO00969,2025-12-02 16:00:00,64
GR00970,PO00970,2025-11-30 00:00:00,82
GR00971,PO00971,2025-11-24 08:00:00,95
GR00972,PO00972,2025-11-29 16:00:00,38
GR00973,PO00973,2025-11-27 00:00:00,32
GR00974,PO00974,2025-11-29 08:00:00,11
GR00975,PO00975,2025-11-28 16:00:00,45
GR00976,PO00976,2025-12-03 00:00:00,89
GR00977,PO00977,2025-11-24 08:00:00,33
GR00978,PO00978,2025-11-25 16:00:00,41
GR00979,PO00979,2025-11-24 00:00:00,8
GR00980,PO00980,2025-12-02 08:00:00,11
GR00981,PO00981,2025-12-06 16:00:00,86
GR00982,PO00982,2025-12-01 00:00:00,51
GR00983,PO00983,2025-11-25 08:00:00,88
GR00984,PO00984,2025-11-27 16:00:00,41
GR00985,PO00985,2025-11-29 00:00:00,17
GR00986,PO00986,2025-11-29 08:00:00,76
GR00987,PO00987,2025-11-30 16:00:00,46
GR00988,PO00988,2025-12-10 00:00:00,32
GR00989,PO00989,2025-11-29 08:00:00,79
GR00990,PO00990,2025-11-29 16:00:00,80
GR00991,PO00991,2025-11-28 00:00:00,54
GR00992,PO00992,2025-12-04 08:00:00,85
GR00993,PO00993,2025-12-08 16:00:00,92
GR00994,PO00994,2025-12-08 00:00:00,20
GR00995,PO00995,2025-12-12 08:00:00,33
GR00996,PO00996,2025-11-29 16:00:00,74
GR00997,PO00997,2025-12-01 00:00:00,40
GR00998,PO00998,2025-12-12 08:00:00,32
GR01000,PO01000,2025-12-13 00:00:00,2
