invoice_id,po_id,vendor_id,invoice_date,invoice_quantity,invoice_amount
INV00001,PO00001,VENDOR_039,2025-01-19 00:00:00,33,8968.74
INV00002,PO00002,VENDOR_029,2025-01-23 08:00:00,53,23449.32
INV00003,PO00003,VENDOR_015,2025-01-21 16:00:00,27,1109.46
INV00004,PO00004,VENDOR_043,2025-01-09 00:00:00,22,8694.21
INV00005,PO00005,VENDOR_008,2025-01-21 08:00:00,78,12972.4
INV00006,PO00006,VENDOR_021,2025-01-10 16:00:00,70,11748.1
INV00007,PO00007,VENDOR_039,2025-01-12 00:00:00,4,1955.84
INV00008,PO00008,VENDOR_019,2025-01-24 08:00:00,94,10191.48
INV00009,PO00009,VENDOR_023,2025-01-14 16:00:00,75,26225.25
INV00010,PO00010,VENDOR_011,2025-01-24 00:00:00,62,25575.62
INV00011,PO00011,VENDOR_011,2025-01-22 08:00:00,62,1871.16
INV00012,PO00012,VENDOR_024,2025-01-24 16:00:00,94,37418.16
INV00013,PO00013,VENDOR_036,2025-01-16 00:00:00,95,45244.7
INV00014,PO00014,VENDOR_040,2025-01-18 08:00:00,28,1700.88
INV00015,PO00015,VENDOR_024,2025-01-13 16:00:00,55,24703.25
INV00016,PO00016,VENDOR_003,2025-01-21 00:00:00,9,2712.96
INV00017,PO00017,VENDOR_022,2025-01-12 08:00:00,3,936.42
INV00018,PO00018,VENDOR_002,2025-01-22 16:00:00,31,9620.54
INV00019,PO00019,VENDOR_024,2025-01-23 00:00:00,40,6257.2
INV00020,PO00020,VENDOR_044,2025-01-15 08:00:00,36,16857.0
INV00021,PO00021,VENDOR_030,2025-01-29 16:00:00,24,11380.8
INV00022,PO00022,VENDOR_038,2025-01-19 00:00:00,95,30058.0
INV00023,PO00023,VENDOR_002,2025-01-13 08:00:00,6,2719.13
INV00024,PO00024,VENDOR_021,2025-01-25 16:00:00,66,20460.66
INV00025,PO00025,VENDOR_033,2025-01-19 00:00:00,84,20778.24
INV00026,PO00026,VENDOR_012,2025-01-19 08:00:00,92,30709.6
INV00027,PO00027,VENDOR_022,2025-01-25 16:00:00,75,21072.75
INV00028,PO00028,VENDOR_044,2025-01-22 00:00:00,7,1211.04
INV00029,PO00029,VENDOR_025,2025-02-02 08:00:00,79,31132.32
INV00030,PO00030,VENDOR_049,2025-01-19 16:00:00,14,1473.84
INV00031,PO00031,VENDOR_027,2025-02-02 00:00:00,94,2817.18
INV00032,PO00032,VENDOR_042,2025-01-20 08:00:00,52,4608.36
INV00033,PO00033,VENDOR_028,2025-01-25 16:00:00,62,13945.04
INV00034,PO00034,VENDOR_016,2025-01-17 00:00:00,57,22420.53
INV00035,PO00035,VENDOR_015,2025-01-26 08:00:00,66,19846.86
INV00036,PO00036,VENDOR_047,2025-01-21 16:00:00,79,25962.56
INV00037,PO00037,VENDOR_044,2025-01-29 00:00:00,75,18363.75
INV00038,PO00038,VENDOR_003,2025-01-24 08:00:00,8,2493.68
INV00039,PO00039,VENDOR_037,2025-01-26 16:00:00,26,4451.72
INV00040,PO00040,VENDOR_007,2025-01-30 00:00:00,51,12259.89
INV00041,PO00041,VENDOR_021,2025-01-19 08:00:00,45,16861.5
INV00042,PO00042,VENDOR_009,2025-01-29 16:00:00,44,19236.8
INV00043,PO00043,VENDOR_039,2025-02-03 00:00:00,5,1112.45
INV00044,PO00044,VENDOR_018,2025-01-21 08:00:00,70,2197.3
INV00045,PO00045,VENDOR_004,2025-02-08 16:00:00,26,2319.72
INV00046,PO00046,VENDOR_025,2025-01-27 00:00:00,68,1374.96
INV00047,PO00047,VENDOR_014,2025-02-01 08:00:00,19,6271.9
INV00048,PO00048,VENDOR_050,2025-02-07 16:00:00,84,14517.72
INV00049,PO00049,VENDOR_009,2025-01-24 00:00:00,97,26753.57
INV00050,PO00050,VENDOR_026,2025-01-28 08:00:00,20,5034.2
INV00051,PO00051,VENDOR_002,2025-02-01 16:00:00,12,599.4
INV00052,PO00052,VENDOR_020,2025-02-09 00:00:00,47,9757.2
INV00053,PO00053,VENDOR_028,2025-02-03 08:00:00,1,118.07
INV00054,PO00054,VENDOR_047,2025-01-28 16:00:00,90,19351.8
INV00055,PO00055,VENDOR_007,2025-01-28 00:00:00,14,1536.5
INV00056,PO00056,VENDOR_044,2025-01-24 08:00:00,64,26996.48
INV00057,PO00057,VENDOR_008,2025-02-04 16:00:00,38,3623.3
INV00058,PO00058,VENDOR_047,2025-02-04 00:00:00,37,17788.86
INV00059,PO00059,VENDOR_035,2025-01-28 08:00:00,11,2351.69
INV00060,PO00060,VENDOR_014,2025-02-11 16:00:00,100,42466.0
INV00061,PO00061,VENDOR_017,2025-01-29 00:00:00,82,26753.66
INV00062,PO00062,VENDOR_036,2025-02-11 08:00:00,3,1110.96
INV00063,PO00063,VENDOR_050,2025-01-27 16:00:00,33,12743.94
INV00064,PO00064,VENDOR_040,2025-01-28 00:00:00,6,1544.22
INV00065,PO00065,VENDOR_004,2025-02-07 08:00:00,50,13811.0
INV00066,PO00066,VENDOR_002,2025-02-01 16:00:00,10,2618.6
INV00067,PO00067,VENDOR_006,2025-02-06 00:00:00,5,1490.75
INV00068,PO00068,VENDOR_042,2025-02-12 08:00:00,23,561.2
INV00069,PO00069,VENDOR_004,2025-02-10 16:00:00,10,2038.0
INV00070,PO00070,VENDOR_029,2025-02-04 00:00:00,44,13509.32
INV00071,PO00071,VENDOR_018,2025-02-16 08:00:00,2,605.76
INV00072,PO00072,VENDOR_026,2025-02-14 16:00:00,13,5181.15
INV00073,PO00073,VENDOR_044,2025-02-07 00:00:00,40,13238.0
INV00074,PO00074,VENDOR_034,2025-02-11 08:00:00,2,992.3
INV00075,PO00075,VENDOR_010,2025-02-03 16:00:00,84,12523.56
INV00076,PO00076,VENDOR_036,2025-02-04 00:00:00,65,12088.7
INV00077,PO00077,VENDOR_014,2025-02-09 08:00:00,68,12479.67
INV00078,PO00078,VENDOR_031,2025-02-09 16:00:00,73,17392.25
INV00079,PO00079,VENDOR_048,2025-02-07 00:00:00,17,7133.88
INV00080,PO00080,VENDOR_015,2025-02-15 08:00:00,9,1129.86
INV00081,PO00081,VENDOR_008,2025-02-07 16:00:00,75,29268.0
INV00082,PO00082,VENDOR_014,2025-02-16 00:00:00,15,3129.0
INV00083,PO00083,VENDOR_023,2025-02-04 08:00:00,24,7317.84
INV00084,PO00084,VENDOR_040,2025-02-20 16:00:00,38,12157.72
INV00085,PO00085,VENDOR_021,2025-02-12 00:00:00,35,6744.5
INV00086,PO00086,VENDOR_016,2025-02-17 08:00:00,94,24550.92
INV00087,PO00087,VENDOR_045,2025-02-05 16:00:00,95,20177.05
INV00088,PO00088,VENDOR_018,2025-02-09 00:00:00,51,2150.12
INV00089,PO00089,VENDOR_047,2025-02-15 08:00:00,69,15470.49
INV00090,PO00090,VENDOR_024,2025-02-18 16:00:00,62,3578.64
INV00091,PO00091,VENDOR_026,2025-02-10 00:00:00,60,12507.6
INV00092,PO00092,VENDOR_025,2025-02-17 08:00:00,50,15026.5
INV00093,PO00093,VENDOR_045,2025-02-23 16:00:00,78,22924.98
INV00094,PO00094,VENDOR_041,2025-02-08 00:00:00,79,25101.0
INV00095,PO00095,VENDOR_029,2025-02-13 08:00:00,9,510.12
INV00096,PO00096,VENDOR_015,2025-02-13 16:00:00,34,11204.36
INV00097,PO00097,VENDOR_045,2025-02-26 00:00:00,76,12384.2
INV00098,PO00098,VENDOR_001,2025-02-21 08:00:00,99,20347.47
INV00099,PO00099,VENDOR_025,2025-02-10 16:00:00,35,15064.35
INV00100,PO00100,VENDOR_007,2025-02-26 00:00:00,1,14.42
INV00101,PO00101,VENDOR_009,2025-02-10 08:00:00,40,11932.8
INV00102,PO00102,VENDOR_024,2025-02-20 16:00:00,64,19415.68
INV00103,PO00103,VENDOR_001,2025-02-16 00:00:00,22,4495.92
INV00104,PO00104,VENDOR_044,2025-02-24 08:00:00,60,7568.4
INV00105,PO00105,VENDOR_008,2025-02-21 16:00:00,64,7999.36
INV00106,PO00106,VENDOR_024,2025-02-12 00:00:00,93,49823.3
INV00107,PO00107,VENDOR_011,2025-02-25 08:00:00,72,16314.48
INV00108,PO00108,VENDOR_017,2025-02-18 16:00:00,11,1893.54
INV00109,PO00109,VENDOR_008,2025-02-24 00:00:00,14,3218.6
INV00110,PO00110,VENDOR_035,2025-02-23 08:00:00,62,21953.14
INV00111,PO00111,VENDOR_035,2025-02-17 16:00:00,30,2442.6
INV00112,PO00112,VENDOR_033,2025-02-26 00:00:00,35,8057.7
INV00113,PO00113,VENDOR_005,2025-02-18 08:00:00,85,25335.1
INV00114,PO00114,VENDOR_042,2025-02-17 16:00:00,37,17567.97
INV00115,PO00115,VENDOR_039,2025-02-14 00:00:00,5,668.7
INV00116,PO00116,VENDOR_041,2025-02-21 08:00:00,83,15440.49
INV00117,PO00117,VENDOR_028,2025-03-01 16:00:00,78,15279.42
INV00118,PO00118,VENDOR_007,2025-02-18 00:00:00,26,7974.46
INV00119,PO00119,VENDOR_009,2025-02-25 08:00:00,62,11457.6
INV00120,PO00120,VENDOR_008,2025-02-14 16:00:00,4,1085.68
INV00121,PO00121,VENDOR_012,2025-02-24 00:00:00,89,42296.57
INV00122,PO00122,VENDOR_034,2025-02-25 08:00:00,42,14936.88
INV00123,PO00123,VENDOR_033,2025-03-02 16:00:00,89,20356.08
INV00124,PO00124,VENDOR_048,2025-03-01 00:00:00,18,8756.26
INV00125,PO00125,VENDOR_023,2025-02-23 08:00:00,40,11339.6
INV00126,PO00126,VENDOR_024,2025-03-04 16:00:00,72,19767.6
INV00127,PO00127,VENDOR_037,2025-03-06 00:00:00,39,1043.25
INV00128,PO00128,VENDOR_035,2025-02-28 08:00:00,14,6908.72
INV00129,PO00129,VENDOR_044,2025-03-05 16:00:00,32,2248.32
INV00130,PO00130,VENDOR_040,2025-03-03 00:00:00,51,6285.75
INV00131,PO00131,VENDOR_022,2025-03-05 08:00:00,38,1518.89
INV00132,PO00132,VENDOR_027,2025-03-03 16:00:00,97,31389.2
INV00133,PO00133,VENDOR_035,2025-02-27 00:00:00,23,2762.3
INV00134,PO00134,VENDOR_001,2025-02-22 08:00:00,63,6187.23
INV00135,PO00135,VENDOR_035,2025-03-01 16:00:00,15,800.85
INV00136,PO00136,VENDOR_037,2025-02-25 00:00:00,97,6366.7
INV00137,PO00137,VENDOR_047,2025-03-06 08:00:00,25,7412.25
INV00138,PO00138,VENDOR_014,2025-02-24 16:00:00,17,5902.74
INV00139,PO00139,VENDOR_003,2025-03-03 00:00:00,97,19857.84
INV00140,PO00140,VENDOR_001,2025-03-10 08:00:00,66,16179.9
INV00141,PO00141,VENDOR_005,2025-03-05 16:00:00,78,26997.36
INV00142,PO00142,VENDOR_026,2025-03-04 00:00:00,53,981.56
INV00143,PO00143,VENDOR_014,2025-03-07 08:00:00,51,8584.83
INV00144,PO00144,VENDOR_039,2025-03-11 16:00:00,39,18985.98
INV00145,PO00145,VENDOR_027,2025-03-13 00:00:00,51,15006.75
INV00146,PO00146,VENDOR_009,2025-03-09 08:00:00,70,9419.9
INV00147,PO00147,VENDOR_015,2025-03-03 16:00:00,6,1593.9
INV00148,PO00148,VENDOR_015,2025-03-03 00:00:00,67,11919.3
INV00149,PO00149,VENDOR_026,2025-03-15 08:00:00,7,1895.6
INV00150,PO00150,VENDOR_042,2025-02-24 16:00:00,51,3652.11
INV00151,PO00151,VENDOR_013,2025-02-28 00:00:00,72,5402.16
INV00152,PO00152,VENDOR_032,2025-03-10 08:00:00,42,3374.28
INV00153,PO00153,VENDOR_039,2025-02-26 16:00:00,64,30112.64
INV00154,PO00154,VENDOR_049,2025-03-13 00:00:00,15,5536.8
INV00155,PO00155,VENDOR_032,2025-02-28 08:00:00,29,2597.53
INV00156,PO00156,VENDOR_004,2025-03-05 16:00:00,33,3375.57
INV00157,PO00157,VENDOR_030,2025-03-04 00:00:00,94,38212.87
INV00158,PO00158,VENDOR_037,2025-03-14 08:00:00,27,2336.04
INV00159,PO00159,VENDOR_023,2025-03-14 16:00:00,36,4497.84
INV00160,PO00160,VENDOR_039,2025-03-06 00:00:00,29,13979.16
INV00161,PO00161,VENDOR_045,2025-03-12 08:00:00,38,5133.8
INV00162,PO00162,VENDOR_015,2025-03-12 16:00:00,57,19049.4
INV00163,PO00163,VENDOR_043,2025-03-05 00:00:00,97,47484.41
INV00164,PO00164,VENDOR_029,2025-03-20 08:00:00,27,5222.07
INV00165,PO00165,VENDOR_036,2025-03-18 16:00:00,55,1021.9
INV00166,PO00166,VENDOR_013,2025-03-16 00:00:00,33,4277.79
INV00167,PO00167,VENDOR_032,2025-03-19 08:00:00,68,28364.84
INV00168,PO00168,VENDOR_007,2025-03-03 16:00:00,90,37294.76
INV00169,PO00169,VENDOR_022,2025-03-12 00:00:00,66,25513.62
INV00170,PO00170,VENDOR_028,2025-03-15 08:00:00,10,654.2
INV00171,PO00171,VENDOR_002,2025-03-20 16:00:00,5,1999.0
INV00172,PO00172,VENDOR_042,2025-03-18 00:00:00,74,34051.1
INV00173,PO00173,VENDOR_045,2025-03-15 08:00:00,97,29517.1
INV00174,PO00174,VENDOR_006,2025-03-18 16:00:00,38,17899.14
INV00175,PO00175,VENDOR_028,2025-03-17 00:00:00,13,6623.78
INV00176,PO00176,VENDOR_028,2025-03-22 08:00:00,31,10441.42
INV00177,PO00177,VENDOR_044,2025-03-19 16:00:00,47,13762.54
INV00178,PO00178,VENDOR_044,2025-03-16 00:00:00,100,18080.0
INV00179,PO00179,VENDOR_020,2025-03-24 08:00:00,88,7748.4
INV00180,PO00180,VENDOR_030,2025-03-08 16:00:00,52,15934.36
INV00181,PO00181,VENDOR_011,2025-03-13 00:00:00,56,9288.72
INV00182,PO00182,VENDOR_028,2025-03-20 08:00:00,15,6518.25
INV00183,PO00183,VENDOR_025,2025-03-20 16:00:00,29,14405.46
INV00184,PO00184,VENDOR_039,2025-03-20 00:00:00,8,3029.52
INV00185,PO00185,VENDOR_033,2025-03-19 08:00:00,5,316.84
INV00186,PO00186,VENDOR_001,2025-03-16 16:00:00,29,4392.34
INV00187,PO00187,VENDOR_027,2025-03-09 00:00:00,47,2982.62
INV00188,PO00188,VENDOR_013,2025-03-27 08:00:00,68,22355.0
INV00189,PO00189,VENDOR_041,2025-03-19 16:00:00,76,29255.44
INV00190,PO00190,VENDOR_003,2025-03-28 00:00:00,45,20861.1
INV00191,PO00191,VENDOR_039,2025-03-27 08:00:00,2,449.4
INV00192,PO00192,VENDOR_006,2025-03-21 16:00:00,27,12195.09
INV00193,PO00193,VENDOR_008,2025-03-11 00:00:00,101,41816.15
INV00194,PO00194,VENDOR_027,2025-03-29 08:00:00,43,5955.48
INV00195,PO00195,VENDOR_009,2025-03-30 16:00:00,36,15687.36
INV00196,PO00196,VENDOR_037,2025-03-28 00:00:00,26,5046.08
INV00197,PO00197,VENDOR_033,2025-03-16 08:00:00,43,6685.21
INV00198,PO00198,VENDOR_042,2025-03-14 16:00:00,27,8857.35
INV00199,PO00199,VENDOR_044,2025-03-14 00:00:00,69,11792.79
INV00200,PO00200,VENDOR_024,2025-03-15 08:00:00,20,6376.0
INV00201,PO00201,VENDOR_015,2025-03-20 16:00:00,11,3397.02
INV00202,PO00202,VENDOR_032,2025-03-29 00:00:00,74,21170.66
INV00203,PO00203,VENDOR_032,2025-03-19 08:00:00,38,7463.58
INV00204,PO00204,VENDOR_024,2025-03-26 16:00:00,6,1672.56
INV00205,PO00205,VENDOR_041,2025-03-30 00:00:00,72,21764.16
INV00206,PO00206,VENDOR_049,2025-03-30 08:00:00,23,6379.97
INV00207,PO00207,VENDOR_049,2025-03-17 16:00:00,55,10705.19
INV00208,PO00208,VENDOR_012,2025-03-28 00:00:00,90,1547.1
INV00209,PO00209,VENDOR_039,2025-03-29 08:00:00,46,13692.36
INV00210,PO00210,VENDOR_002,2025-03-23 16:00:00,12,1110.48
INV00211,PO00211,VENDOR_003,2025-03-28 00:00:00,90,29237.4
INV00212,PO00212,VENDOR_049,2025-03-24 08:00:00,13,6195.07
INV00213,PO00213,VENDOR_037,2025-03-25 16:00:00,62,15823.64
INV00214,PO00214,VENDOR_049,2025-03-18 00:00:00,82,22612.32
INV00215,PO00215,VENDOR_017,2025-03-23 08:00:00,89,42383.58
INV00216,PO00216,VENDOR_049,2025-04-05 16:00:00,97,41235.67
INV00217,PO00217,VENDOR_002,2025-03-29 00:00:00,60,27478.8
INV00218,PO00218,VENDOR_002,2025-03-29 08:00:00,43,17576.25
INV00219,PO00219,VENDOR_028,2025-03-31 16:00:00,76,4816.12
INV00220,PO00220,VENDOR_023,2025-03-30 00:00:00,100,9213.15
INV00221,PO00221,VENDOR_037,2025-04-06 08:00:00,68,18227.4
INV00222,PO00222,VENDOR_032,2025-04-03 16:00:00,5,652.85
INV00223,PO00223,VENDOR_033,2025-03-21 00:00:00,37,9012.46
INV00224,PO00224,VENDOR_001,2025-03-27 08:00:00,72,14633.28
INV00225,PO00225,VENDOR_019,2025-04-02 16:00:00,92,25687.32
INV00226,PO00226,VENDOR_002,2025-04-02 00:00:00,31,11655.07
INV00227,PO00227,VENDOR_044,2025-04-08 08:00:00,9,3245.31
INV00228,PO00228,VENDOR_026,2025-04-09 16:00:00,51,15937.4
INV00229,PO00229,VENDOR_032,2025-04-06 00:00:00,29,11976.13
INV00230,PO00230,VENDOR_006,2025-03-30 08:00:00,78,17247.36
INV00231,PO00231,VENDOR_032,2025-04-10 16:00:00,40,17975.6
INV00232,PO00232,VENDOR_004,2025-04-02 00:00:00,41,1842.13
INV00233,PO00233,VENDOR_011,2025-03-30 08:00:00,86,50669.53
INV00234,PO00234,VENDOR_017,2025-04-10 16:00:00,11,3638.8
INV00235,PO00235,VENDOR_038,2025-04-09 00:00:00,23,4513.52
INV00236,PO00236,VENDOR_024,2025-04-13 08:00:00,1,106.61
INV00237,PO00237,VENDOR_005,2025-03-30 16:00:00,46,11260.8
INV00238,PO00238,VENDOR_034,2025-04-03 00:00:00,21,2211.93
INV00239,PO00239,VENDOR_006,2025-04-07 08:00:00,90,8235.0
INV00240,PO00240,VENDOR_022,2025-04-02 16:00:00,36,11250.0
INV00241,PO00241,VENDOR_011,2025-04-11 00:00:00,58,14380.74
INV00242,PO00242,VENDOR_048,2025-04-08 08:00:00,87,32153.03
INV00243,PO00243,VENDOR_016,2025-04-08 16:00:00,57,26534.07
INV00244,PO00244,VENDOR_033,2025-04-13 00:00:00,1,270.81
INV00245,PO00245,VENDOR_009,2025-04-16 08:00:00,63,23055.02
INV00246,PO00246,VENDOR_006,2025-04-01 16:00:00,54,2911.68
INV00247,PO00247,VENDOR_016,2025-04-14 00:00:00,55,19890.2
INV00248,PO00248,VENDOR_029,2025-04-06 08:00:00,40,8238.0
INV00249,PO00249,VENDOR_003,2025-03-30 16:00:00,15,7329.0
INV00250,PO00250,VENDOR_020,2025-04-16 00:00:00,21,8680.56
INV00251,PO00251,VENDOR_036,2025-04-07 08:00:00,47,12502.94
INV00252,PO00252,VENDOR_019,2025-04-04 16:00:00,73,5137.74
INV00253,PO00253,VENDOR_026,2025-04-10 00:00:00,53,28475.96
INV00254,PO00254,VENDOR_003,2025-04-05 08:00:00,9,3617.01
INV00255,PO00255,VENDOR_019,2025-04-05 16:00:00,74,7433.3
INV00256,PO00256,VENDOR_020,2025-04-13 00:00:00,52,8043.88
INV00257,PO00257,VENDOR_032,2025-04-11 08:00:00,57,22729.89
INV00258,PO00258,VENDOR_007,2025-04-14 16:00:00,26,2619.76
INV00259,PO00259,VENDOR_041,2025-04-03 00:00:00,41,18847.7
INV00260,PO00260,VENDOR_033,2025-04-09 08:00:00,35,7630.7
INV00261,PO00261,VENDOR_040,2025-04-04 16:00:00,63,3316.95
INV00262,PO00262,VENDOR_039,2025-04-05 00:00:00,25,10243.0
INV00263,PO00263,VENDOR_018,2025-04-03 08:00:00,90,19889.09
INV00264,PO00264,VENDOR_040,2025-04-21 16:00:00,75,20098.5
INV00265,PO00265,VENDOR_001,2025-04-21 00:00:00,38,2471.14
INV00266,PO00266,VENDOR_011,2025-04-20 08:00:00,2,22.54
INV00267,PO00267,VENDOR_028,2025-04-23 16:00:00,7,2449.75
INV00268,PO00268,VENDOR_025,2025-04-17 00:00:00,82,21520.08
INV00269,PO00269,VENDOR_050,2025-04-07 08:00:00,91,27375.53
INV00270,PO00270,VENDOR_023,2025-04-05 16:00:00,34,13563.62
INV00271,PO00271,VENDOR_031,2025-04-09 00:00:00,91,29742.44
INV00272,PO00272,VENDOR_030,2025-04-18 08:00:00,17,1852.17
INV00273,PO00273,VENDOR_042,2025-04-22 16:00:00,43,8031.54
INV00274,PO00274,VENDOR_035,2025-04-17 00:00:00,59,26779.51
INV00275,PO00275,VENDOR_007,2025-04-08 08:00:00,51,19750.77
INV00276,PO00276,VENDOR_016,2025-04-22 16:00:00,54,16540.48
INV00277,PO00277,VENDOR_026,2025-04-09 00:00:00,24,3246.48
INV00278,PO00278,VENDOR_048,2025-04-26 08:00:00,25,3950.25
INV00279,PO00279,VENDOR_049,2025-04-26 16:00:00,71,26174.86
INV00280,PO00280,VENDOR_002,2025-04-24 00:00:00,52,22208.16
INV00281,PO00281,VENDOR_001,2025-04-27 08:00:00,70,23730.0
INV00282,PO00282,VENDOR_048,2025-04-17 16:00:00,88,35786.96
INV00283,PO00283,VENDOR_012,2025-04-10 00:00:00,33,12726.78
INV00284,PO00284,VENDOR_005,2025-04-19 08:00:00,49,4084.15
INV00285,PO00285,VENDOR_037,2025-04-28 16:00:00,29,6314.17
INV00286,PO00286,VENDOR_032,2025-04-11 00:00:00,63,5352.48
INV00287,PO00287,VENDOR_009,2025-04-12 08:00:00,22,2932.7
INV00288,PO00288,VENDOR_041,2025-04-26 16:00:00,26,11334.44
INV00289,PO00289,VENDOR_035,2025-04-23 00:00:00,28,6768.16
INV00290,PO00290,VENDOR_019,2025-04-19 08:00:00,85,24397.92
INV00291,PO00291,VENDOR_048,2025-04-29 16:00:00,49,4774.56
INV00292,PO00292,VENDOR_016,2025-04-14 00:00:00,71,11573.71
INV00293,PO00293,VENDOR_003,2025-04-25 08:00:00,81,9948.42
INV00294,PO00294,VENDOR_020,2025-04-18 16:00:00,84,9326.52
INV00295,PO00295,VENDOR_024,2025-04-19 00:00:00,49,15807.4
INV00296,PO00296,VENDOR_033,2025-04-22 08:00:00,20,2717.4
INV00297,PO00297,VENDOR_024,2025-04-29 16:00:00,86,27493.34
INV00298,PO00298,VENDOR_011,2025-04-25 00:00:00,92,3554.88
INV00299,PO00299,VENDOR_049,2025-04-21 08:00:00,63,6101.0
INV00300,PO00300,VENDOR_008,2025-04-24 16:00:00,61,8815.72
INV00301,PO00301,VENDOR_036,2025-04-25 00:00:00,49,14824.95
INV00302,PO00302,VENDOR_038,2025-05-05 08:00:00,71,24222.36
INV00303,PO00303,VENDOR_040,2025-05-03 16:00:00,1,275.53
INV00304,PO00304,VENDOR_020,2025-05-06 00:00:00,96,21930.24
INV00305,PO00305,VENDOR_035,2025-04-25 08:00:00,13,4745.13
INV00306,PO00306,VENDOR_048,2025-05-01 16:00:00,94,1668.5
INV00307,PO00307,VENDOR_025,2025-04-21 00:00:00,87,15410.31
INV00308,PO00308,VENDOR_035,2025-04-25 08:00:00,51,20969.67
INV00309,PO00309,VENDOR_025,2025-04-26 16:00:00,56,17112.48
INV00310,PO00310,VENDOR_029,2025-05-01 00:00:00,83,14544.92
INV00311,PO00311,VENDOR_018,2025-04-27 08:00:00,62,28130.02
INV00312,PO00312,VENDOR_046,2025-04-22 16:00:00,32,12434.88
INV00313,PO00313,VENDOR_018,2025-05-06 00:00:00,30,4194.0
INV00314,PO00314,VENDOR_002,2025-05-05 08:00:00,29,9459.51
INV00315,PO00315,VENDOR_035,2025-05-04 16:00:00,49,14794.08
INV00316,PO00316,VENDOR_016,2025-04-23 00:00:00,45,9296.1
INV00317,PO00317,VENDOR_041,2025-05-10 08:00:00,93,17652.33
INV00318,PO00318,VENDOR_036,2025-04-25 16:00:00,30,5350.2
INV00319,PO00319,VENDOR_033,2025-04-26 00:00:00,16,4998.56
INV00320,PO00320,VENDOR_004,2025-05-11 08:00:00,40,9071.2
INV00321,PO00321,VENDOR_033,2025-05-06 16:00:00,19,7934.59
INV00322,PO00322,VENDOR_014,2025-05-10 00:00:00,18,6085.98
INV00323,PO00323,VENDOR_021,2025-05-07 08:00:00,1,44.27
INV00324,PO00324,VENDOR_048,2025-04-24 16:00:00,78,25247.04
INV00325,PO00325,VENDOR_020,2025-05-06 00:00:00,47,6714.42
INV00326,PO00326,VENDOR_008,2025-04-27 08:00:00,66,19831.68
INV00327,PO00327,VENDOR_007,2025-05-03 16:00:00,96,31579.92
INV00328,PO00328,VENDOR_003,2025-05-07 00:00:00,94,11572.34
INV00329,PO00329,VENDOR_017,2025-05-04 08:00:00,38,8886.68
INV00330,PO00330,VENDOR_033,2025-05-03 16:00:00,51,5266.26
INV00331,PO00331,VENDOR_048,2025-05-03 00:00:00,63,2245.95
INV00332,PO00332,VENDOR_012,2025-04-28 08:00:00,4,781.8
INV00333,PO00333,VENDOR_022,2025-05-11 16:00:00,1,187.84
INV00334,PO00334,VENDOR_022,2025-05-10 00:00:00,8,3982.32
INV00335,PO00335,VENDOR_046,2025-05-05 08:00:00,29,6632.59
INV00336,PO00336,VENDOR_030,2025-05-07 16:00:00,55,9539.75
INV00337,PO00337,VENDOR_038,2025-04-30 00:00:00,3,883.29
INV00338,PO00338,VENDOR_038,2025-05-02 08:00:00,32,1712.0
INV00339,PO00339,VENDOR_045,2025-05-07 16:00:00,10,4812.2
INV00340,PO00340,VENDOR_008,2025-05-11 00:00:00,74,23763.62
INV00341,PO00341,VENDOR_027,2025-05-02 08:00:00,83,31529.21
INV00342,PO00342,VENDOR_027,2025-05-11 16:00:00,34,3180.02
INV00343,PO00343,VENDOR_034,2025-05-11 00:00:00,97,20432.08
INV00344,PO00344,VENDOR_021,2025-05-04 08:00:00,87,18889.44
INV00345,PO00345,VENDOR_030,2025-05-09 16:00:00,55,22697.95
INV00346,PO00346,VENDOR_033,2025-05-09 00:00:00,92,976.12
INV00347,PO00347,VENDOR_028,2025-05-20 08:00:00,32,5037.44
INV00348,PO00348,VENDOR_047,2025-05-07 16:00:00,50,24540.5
INV00349,PO00349,VENDOR_033,2025-05-03 00:00:00,7,1698.83
INV00350,PO00350,VENDOR_005,2025-05-08 08:00:00,93,19341.24
INV00351,PO00351,VENDOR_048,2025-05-09 16:00:00,8,549.76
INV00352,PO00352,VENDOR_019,2025-05-09 00:00:00,65,31677.1
INV00353,PO00353,VENDOR_004,2025-05-16 08:00:00,57,1129.17
INV00354,PO00354,VENDOR_035,2025-05-21 16:00:00,67,24871.74
INV00355,PO00355,VENDOR_049,2025-05-08 00:00:00,88,34021.68
INV00356,PO00356,VENDOR_017,2025-05-21 08:00:00,87,13764.5
INV00357,PO00357,VENDOR_044,2025-05-23 16:00:00,59,20004.54
INV00358,PO00358,VENDOR_028,2025-05-16 00:00:00,72,3998.88
INV00359,PO00359,VENDOR_030,2025-05-21 08:00:00,54,7341.3
INV00360,PO00360,VENDOR_029,2025-05-17 16:00:00,67,26536.69
INV00361,PO00361,VENDOR_046,2025-05-07 00:00:00,60,22118.7
INV00362,PO00362,VENDOR_006,2025-05-18 08:00:00,97,29891.52
INV00363,PO00363,VENDOR_035,2025-05-12 16:00:00,92,28435.67
INV00364,PO00364,VENDOR_041,2025-05-16 00:00:00,8,704.48
INV00365,PO00365,VENDOR_037,2025-05-12 08:00:00,34,1391.28
INV00366,PO00366,VENDOR_024,2025-05-09 16:00:00,35,2367.75
INV00367,PO00367,VENDOR_029,2025-05-10 00:00:00,96,11655.36
INV00368,PO00368,VENDOR_049,2025-05-25 08:00:00,88,15612.96
INV00369,PO00369,VENDOR_046,2025-05-18 16:00:00,78,15338.7
INV00370,PO00370,VENDOR_031,2025-05-28 00:00:00,32,5750.4
INV00371,PO00371,VENDOR_035,2025-05-13 08:00:00,46,5848.44
INV00372,PO00372,VENDOR_033,2025-05-27 16:00:00,16,4156.16
INV00373,PO00373,VENDOR_021,2025-05-28 00:00:00,68,28178.52
INV00374,PO00374,VENDOR_032,2025-05-24 08:00:00,43,5440.85
INV00375,PO00375,VENDOR_023,2025-05-25 16:00:00,54,25475.58
INV00376,PO00376,VENDOR_033,2025-05-19 00:00:00,91,37224.05
INV00377,PO00377,VENDOR_003,2025-05-14 08:00:00,14,1249.64
INV00378,PO00378,VENDOR_018,2025-05-25 16:00:00,95,37551.6
INV00379,PO00379,VENDOR_025,2025-05-23 00:00:00,55,16035.25
INV00380,PO00380,VENDOR_042,2025-05-14 08:00:00,48,13805.76
INV00381,PO00381,VENDOR_031,2025-05-25 16:00:00,82,16532.02
INV00382,PO00382,VENDOR_003,2025-05-29 00:00:00,7,1788.92
INV00383,PO00383,VENDOR_040,2025-05-31 08:00:00,74,15141.88
INV00384,PO00384,VENDOR_046,2025-05-18 16:00:00,7,1921.29
INV00385,PO00385,VENDOR_024,2025-05-17 00:00:00,33,10484.1
INV00386,PO00386,VENDOR_050,2025-05-20 08:00:00,23,7829.43
INV00387,PO00387,VENDOR_032,2025-06-01 16:00:00,85,23028.2
INV00388,PO00388,VENDOR_047,2025-05-31 00:00:00,19,6906.5
INV00389,PO00389,VENDOR_022,2025-05-30 08:00:00,19,1505.37
INV00390,PO00390,VENDOR_023,2025-05-29 16:00:00,36,4099.32
INV00391,PO00391,VENDOR_002,2025-05-23 00:00:00,29,12687.53
INV00392,PO00392,VENDOR_027,2025-06-03 08:00:00,60,10082.4
INV00393,PO00393,VENDOR_042,2025-05-23 16:00:00,82,1740.04
INV00394,PO00394,VENDOR_002,2025-06-03 00:00:00,2,170.72
INV00395,PO00395,VENDOR_026,2025-06-01 08:00:00,1,119.57
INV00396,PO00396,VENDOR_017,2025-06-05 16:00:00,47,22517.23
INV00397,PO00397,VENDOR_040,2025-06-05 00:00:00,69,20064.51
INV00398,PO00398,VENDOR_033,2025-05-27 08:00:00,20,9340.8
INV00399,PO00399,VENDOR_009,2025-06-03 16:00:00,11,3210.13
INV00400,PO00400,VENDOR_043,2025-05-31 00:00:00,2,489.76
INV00401,PO00401,VENDOR_048,2025-05-31 08:00:00,67,10969.91
INV00402,PO00402,VENDOR_039,2025-05-25 16:00:00,87,26719.44
INV00403,PO00403,VENDOR_029,2025-05-29 00:00:00,12,938.52
INV00404,PO00404,VENDOR_042,2025-05-21 08:00:00,20,9003.0
INV00405,PO00405,VENDOR_026,2025-05-23 16:00:00,5,2081.85
INV00406,PO00406,VENDOR_035,2025-05-26 00:00:00,37,6126.83
INV00407,PO00407,VENDOR_050,2025-06-07 08:00:00,38,18121.06
INV00408,PO00408,VENDOR_025,2025-05-26 16:00:00,94,38948.9
INV00409,PO00409,VENDOR_024,2025-06-07 00:00:00,9,3028.41
INV00410,PO00410,VENDOR_013,2025-06-04 08:00:00,98,6826.68
INV00411,PO00411,VENDOR_007,2025-06-01 16:00:00,53,12949.49
INV00412,PO00412,VENDOR_036,2025-06-10 00:00:00,44,11351.56
INV00413,PO00413,VENDOR_045,2025-05-24 08:00:00,99,12271.05
INV00414,PO00414,VENDOR_020,2025-05-25 16:00:00,86,4229.48
INV00415,PO00415,VENDOR_001,2025-06-03 00:00:00,24,9374.16
INV00416,PO00416,VENDOR_008,2025-05-29 08:00:00,81,5653.8
INV00417,PO00417,VENDOR_046,2025-06-06 16:00:00,74,22288.8
INV00418,PO00418,VENDOR_016,2025-06-12 00:00:00,30,14065.8
INV00419,PO00419,VENDOR_014,2025-06-09 08:00:00,59,25918.11
INV00420,PO00420,VENDOR_012,2025-05-31 16:00:00,87,12710.7
INV00421,PO00421,VENDOR_023,2025-06-02 00:00:00,96,41012.16
INV00422,PO00422,VENDOR_015,2025-06-13 08:00:00,81,822.96
INV00423,PO00423,VENDOR_028,2025-06-14 16:00:00,81,1512.27
INV00424,PO00424,VENDOR_034,2025-06-11 00:00:00,14,4273.5
INV00425,PO00425,VENDOR_002,2025-06-02 08:00:00,9,1698.75
INV00426,PO00426,VENDOR_032,2025-06-04 16:00:00,40,7974.8
INV00427,PO00427,VENDOR_023,2025-06-09 00:00:00,66,18914.28
INV00428,PO00428,VENDOR_022,2025-05-28 08:00:00,25,2599.25
INV00429,PO00429,VENDOR_025,2025-06-04 16:00:00,73,8304.48
INV00430,PO00430,VENDOR_022,2025-06-01 00:00:00,23,5443.9
INV00431,PO00431,VENDOR_022,2025-05-31 08:00:00,13,1518.32
INV00432,PO00432,VENDOR_049,2025-05-31 16:00:00,26,8152.3
INV00433,PO00433,VENDOR_042,2025-06-11 00:00:00,58,9030.6
INV00434,PO00434,VENDOR_006,2025-06-06 08:00:00,29,6405.23
INV00435,PO00435,VENDOR_015,2025-06-05 16:00:00,98,9175.74
INV00436,PO00436,VENDOR_043,2025-05-31 00:00:00,91,4051.59
INV00437,PO00437,VENDOR_037,2025-06-15 08:00:00,37,15560.7
INV00438,PO00438,VENDOR_033,2025-06-05 16:00:00,75,10503.0
INV00439,PO00439,VENDOR_008,2025-06-07 00:00:00,70,6797.7
INV00440,PO00440,VENDOR_044,2025-06-12 08:00:00,18,6280.02
INV00441,PO00441,VENDOR_044,2025-06-09 16:00:00,85,26592.25
INV00442,PO00442,VENDOR_005,2025-06-12 00:00:00,42,16752.95
INV00443,PO00443,VENDOR_039,2025-06-11 08:00:00,100,12216.0
INV00444,PO00444,VENDOR_004,2025-06-02 16:00:00,41,5084.0
INV00445,PO00445,VENDOR_006,2025-06-20 00:00:00,38,4491.22
INV00446,PO00446,VENDOR_045,2025-06-06 08:00:00,34,3234.76
INV00447,PO00447,VENDOR_032,2025-06-07 16:00:00,24,5632.1
INV00448,PO00448,VENDOR_030,2025-06-12 00:00:00,46,15744.61
INV00449,PO00449,VENDOR_047,2025-06-20 08:00:00,25,9123.0
INV00450,PO00450,VENDOR_035,2025-06-06 16:00:00,76,30257.88
INV00451,PO00451,VENDOR_040,2025-06-20 00:00:00,87,18126.45
INV00452,PO00452,VENDOR_016,2025-06-09 08:00:00,86,28423.0
INV00453,PO00453,VENDOR_013,2025-06-20 16:00:00,85,15604.3
INV00454,PO00454,VENDOR_050,2025-06-08 00:00:00,27,7222.5
INV00455,PO00455,VENDOR_042,2025-06-25 08:00:00,57,14022.0
INV00456,PO00456,VENDOR_030,2025-06-20 16:00:00,31,2996.77
INV00457,PO00457,VENDOR_019,2025-06-09 00:00:00,6,1198.02
INV00458,PO00458,VENDOR_017,2025-06-26 08:00:00,91,43886.57
INV00459,PO00459,VENDOR_019,2025-06-20 16:00:00,44,5272.0
INV00460,PO00460,VENDOR_028,2025-06-23 00:00:00,98,7404.88
INV00461,PO00461,VENDOR_026,2025-06-24 08:00:00,12,2581.2
INV00462,PO00462,VENDOR_037,2025-06-27 16:00:00,53,21055.31
INV00463,PO00463,VENDOR_026,2025-06-26 00:00:00,71,20962.75
INV00464,PO00464,VENDOR_023,2025-06-26 08:00:00,10,3436.8
INV00465,PO00465,VENDOR_009,2025-06-22 16:00:00,45,4975.92
INV00466,PO00466,VENDOR_012,2025-06-27 00:00:00,17,5325.76
INV00467,PO00467,VENDOR_001,2025-06-24 08:00:00,26,4381.52
INV00468,PO00468,VENDOR_001,2025-06-24 16:00:00,85,35598.85
INV00469,PO00469,VENDOR_047,2025-06-16 00:00:00,92,29289.12
INV00470,PO00470,VENDOR_034,2025-06-25 08:00:00,62,6661.28
INV00471,PO00471,VENDOR_032,2025-06-28 16:00:00,46,1916.36
INV00472,PO00472,VENDOR_048,2025-06-15 00:00:00,64,1976.96
INV00473,PO00473,VENDOR_025,2025-06-19 08:00:00,2,383.98
INV00474,PO00474,VENDOR_040,2025-06-26 16:00:00,54,7574.58
INV00475,PO00475,VENDOR_045,2025-06-15 00:00:00,65,21227.7
INV00476,PO00476,VENDOR_001,2025-06-27 08:00:00,51,12988.17
INV00477,PO00477,VENDOR_016,2025-06-25 16:00:00,53,8549.49
INV00478,PO00478,VENDOR_039,2025-06-22 00:00:00,36,2992.68
INV00479,PO00479,VENDOR_005,2025-06-15 08:00:00,26,1880.58
INV00480,PO00480,VENDOR_022,2025-06-21 16:00:00,29,12576.72
INV00481,PO00481,VENDOR_029,2025-07-04 00:00:00,21,2715.3
INV00482,PO00482,VENDOR_003,2025-07-01 08:00:00,11,3622.74
INV00483,PO00483,VENDOR_012,2025-06-27 16:00:00,40,19263.62
INV00484,PO00484,VENDOR_026,2025-06-16 00:00:00,11,3419.9
INV00485,PO00485,VENDOR_016,2025-06-17 08:00:00,36,15522.84
INV00486,PO00486,VENDOR_037,2025-06-30 16:00:00,59,11933.93
INV00487,PO00487,VENDOR_022,2025-06-28 00:00:00,39,18663.45
INV00488,PO00488,VENDOR_029,2025-06-30 08:00:00,99,7448.76
INV00489,PO00489,VENDOR_014,2025-06-18 16:00:00,54,3796.75
INV00490,PO00490,VENDOR_028,2025-07-05 00:00:00,98,32610.48
INV00491,PO00491,VENDOR_005,2025-06-24 08:00:00,55,25959.45
INV00492,PO00492,VENDOR_047,2025-06-23 16:00:00,24,9752.4
INV00493,PO00493,VENDOR_049,2025-07-02 00:00:00,22,1043.68
INV00494,PO00494,VENDOR_030,2025-06-26 08:00:00,69,10135.41
INV00495,PO00495,VENDOR_046,2025-06-20 16:00:00,56,26088.16
INV00496,PO00496,VENDOR_005,2025-07-06 00:00:00,33,4422.0
INV00497,PO00497,VENDOR_012,2025-06-24 08:00:00,36,14139.72
INV00498,PO00498,VENDOR_016,2025-07-03 16:00:00,20,8286.2
INV00499,PO00499,VENDOR_026,2025-07-10 00:00:00,92,20979.91
INV00500,PO00500,VENDOR_026,2025-06-23 08:00:00,99,19731.69
INV00501,PO00501,VENDOR_048,2025-06-25 16:00:00,81,18675.36
INV00502,PO00502,VENDOR_021,2025-07-07 00:00:00,62,7515.02
INV00503,PO00503,VENDOR_039,2025-07-09 08:00:00,98,43688.4
INV00504,PO00504,VENDOR_036,2025-07-08 16:00:00,73,16848.4
INV00505,PO00505,VENDOR_033,2025-07-03 00:00:00,26,11502.66
INV00506,PO00506,VENDOR_030,2025-07-09 08:00:00,66,4078.14
INV00507,PO00507,VENDOR_037,2025-07-08 16:00:00,73,36080.25
INV00508,PO00508,VENDOR_023,2025-06-25 00:00:00,73,16585.6
INV00509,PO00509,VENDOR_010,2025-06-27 08:00:00,40,1337.6
INV00510,PO00510,VENDOR_005,2025-06-30 16:00:00,17,486.71
INV00511,PO00511,VENDOR_036,2025-06-26 00:00:00,1,375.64
INV00512,PO00512,VENDOR_034,2025-06-30 08:00:00,89,32683.75
INV00513,PO00513,VENDOR_031,2025-07-11 16:00:00,61,24585.44
INV00514,PO00514,VENDOR_010,2025-07-02 00:00:00,43,2650.09
INV00515,PO00515,VENDOR_019,2025-06-30 08:00:00,42,1292.97
INV00516,PO00516,VENDOR_032,2025-06-30 16:00:00,25,6480.0
INV00517,PO00517,VENDOR_001,2025-07-16 00:00:00,39,7796.88
INV00518,PO00518,VENDOR_005,2025-07-12 08:00:00,35,8272.25
INV00519,PO00519,VENDOR_045,2025-07-15 16:00:00,3,1487.64
INV00520,PO00520,VENDOR_004,2025-07-06 00:00:00,44,21369.48
INV00521,PO00521,VENDOR_016,2025-07-02 08:00:00,51,24058.23
INV00522,PO00522,VENDOR_024,2025-07-05 16:00:00,94,37043.52
INV00523,PO00523,VENDOR_016,2025-07-07 00:00:00,98,18019.26
INV00524,PO00524,VENDOR_002,2025-07-03 08:00:00,12,2543.28
INV00525,PO00525,VENDOR_049,2025-07-08 16:00:00,19,5306.89
INV00526,PO00526,VENDOR_028,2025-07-01 00:00:00,52,18346.24
INV00527,PO00527,VENDOR_032,2025-07-08 08:00:00,59,2576.53
INV00528,PO00528,VENDOR_027,2025-07-10 16:00:00,49,10677.59
INV00529,PO00529,VENDOR_020,2025-07-04 00:00:00,62,3079.28
INV00530,PO00530,VENDOR_024,2025-07-02 08:00:00,17,4457.06
INV00531,PO00531,VENDOR_012,2025-07-06 16:00:00,74,33334.04
INV00532,PO00532,VENDOR_050,2025-07-15 00:00:00,57,22424.94
INV00533,PO00533,VENDOR_035,2025-07-02 08:00:00,55,6690.2
INV00534,PO00534,VENDOR_033,2025-07-19 16:00:00,47,22947.28
INV00535,PO00535,VENDOR_033,2025-07-09 00:00:00,12,4044.0
INV00536,PO00536,VENDOR_043,2025-07-03 08:00:00,62,936.82
INV00537,PO00537,VENDOR_037,2025-07-03 16:00:00,80,10812.0
INV00538,PO00538,VENDOR_012,2025-07-04 00:00:00,88,13645.29
INV00539,PO00539,VENDOR_003,2025-07-07 08:00:00,83,3646.19
INV00540,PO00540,VENDOR_001,2025-07-07 16:00:00,8,3842.48
INV00541,PO00541,VENDOR_033,2025-07-22 00:00:00,95,23213.25
INV00542,PO00542,VENDOR_040,2025-07-15 08:00:00,21,9427.95
INV00543,PO00543,VENDOR_010,2025-07-05 16:00:00,81,13599.09
INV00544,PO00544,VENDOR_043,2025-07-15 00:00:00,87,6208.32
INV00545,PO00545,VENDOR_044,2025-07-14 08:00:00,80,19393.6
INV00546,PO00546,VENDOR_029,2025-07-09 16:00:00,70,4608.8
INV00547,PO00547,VENDOR_013,2025-07-12 00:00:00,72,17866.8
INV00548,PO00548,VENDOR_012,2025-07-22 08:00:00,25,11523.75
INV00549,PO00549,VENDOR_031,2025-07-08 16:00:00,82,21744.76
INV00550,PO00550,VENDOR_046,2025-07-25 00:00:00,89,27775.12
INV00551,PO00551,VENDOR_002,2025-07-17 08:00:00,12,1041.0
INV00552,PO00552,VENDOR_050,2025-07-24 16:00:00,15,471.45
INV00553,PO00553,VENDOR_035,2025-07-21 00:00:00,59,3793.7
INV00554,PO00554,VENDOR_023,2025-07-26 08:00:00,26,7885.28
INV00555,PO00555,VENDOR_017,2025-07-21 16:00:00,26,1470.56
INV00556,PO00556,VENDOR_026,2025-07-26 00:00:00,47,9129.28
INV00557,PO00557,VENDOR_008,2025-07-14 08:00:00,32,8945.6
INV00558,PO00558,VENDOR_029,2025-07-20 16:00:00,10,2004.4
INV00559,PO00559,VENDOR_026,2025-07-17 00:00:00,16,1443.36
INV00560,PO00560,VENDOR_010,2025-07-20 08:00:00,71,10235.36
INV00561,PO00561,VENDOR_026,2025-07-27 16:00:00,23,7902.96
INV00562,PO00562,VENDOR_034,2025-07-26 00:00:00,23,7848.29
INV00563,PO00563,VENDOR_041,2025-07-29 08:00:00,26,6579.56
INV00564,PO00564,VENDOR_007,2025-07-30 16:00:00,85,1379.55
INV00565,PO00565,VENDOR_004,2025-07-14 00:00:00,86,42680.08
INV00566,PO00566,VENDOR_050,2025-07-16 08:00:00,7,2373.07
INV00567,PO00567,VENDOR_045,2025-07-15 16:00:00,14,2314.06
INV00568,PO00568,VENDOR_011,2025-07-20 00:00:00,79,34826.36
INV00569,PO00569,VENDOR_029,2025-07-31 08:00:00,7,956.41
INV00570,PO00570,VENDOR_036,2025-07-23 16:00:00,9,2489.13
INV00571,PO00571,VENDOR_025,2025-07-21 00:00:00,48,15440.16
INV00572,PO00572,VENDOR_021,2025-07-22 08:00:00,72,8519.04
INV00573,PO00573,VENDOR_036,2025-07-20 16:00:00,59,28875.19
INV00574,PO00574,VENDOR_010,2025-07-16 00:00:00,87,32765.07
INV00575,PO00575,VENDOR_037,2025-07-19 08:00:00,93,26349.69
INV00576,PO00576,VENDOR_009,2025-07-29 16:00:00,85,8712.38
INV00577,PO00577,VENDOR_024,2025-08-02 00:00:00,95,3457.05
INV00578,PO00578,VENDOR_035,2025-08-05 08:00:00,94,15682.02
INV00579,PO00579,VENDOR_049,2025-08-03 16:00:00,39,14783.34
INV00580,PO00580,VENDOR_035,2025-07-28 00:00:00,99,14055.03
INV00581,PO00581,VENDOR_048,2025-07-31 08:00:00,18,6026.95
INV00582,PO00582,VENDOR_036,2025-07-26 16:00:00,67,21634.71
INV00583,PO00583,VENDOR_018,2025-08-02 00:00:00,17,1297.06
INV00584,PO00584,VENDOR_049,2025-07-30 08:00:00,14,4841.2
INV00585,PO00585,VENDOR_039,2025-07-28 16:00:00,31,1705.62
INV00586,PO00586,VENDOR_032,2025-08-07 00:00:00,24,11589.84
INV00587,PO00587,VENDOR_024,2025-08-07 08:00:00,99,24681.69
INV00588,PO00588,VENDOR_023,2025-07-25 16:00:00,60,5029.8
INV00589,PO00589,VENDOR_032,2025-08-09 00:00:00,45,7999.65
INV00590,PO00590,VENDOR_037,2025-07-26 08:00:00,98,20831.86
INV00591,PO00591,VENDOR_012,2025-07-28 16:00:00,3,1144.53
INV00592,PO00592,VENDOR_049,2025-07-22 00:00:00,37,13848.36
INV00593,PO00593,VENDOR_013,2025-08-07 08:00:00,43,13323.55
INV00594,PO00594,VENDOR_023,2025-08-07 16:00:00,41,2476.4
INV00595,PO00595,VENDOR_025,2025-08-06 00:00:00,90,7584.3
INV00596,PO00596,VENDOR_035,2025-07-29 08:00:00,55,3076.7
INV00597,PO00597,VENDOR_041,2025-08-10 16:00:00,87,25474.47
INV00598,PO00598,VENDOR_030,2025-07-26 00:00:00,39,17152.2
INV00599,PO00599,VENDOR_017,2025-08-03 08:00:00,15,3338.4
INV00600,PO00600,VENDOR_049,2025-08-12 16:00:00,4,355.28
INV00601,PO00601,VENDOR_020,2025-08-12 00:00:00,93,26359.92
INV00602,PO00602,VENDOR_048,2025-08-02 08:00:00,86,35067.36
INV00603,PO00603,VENDOR_025,2025-08-03 16:00:00,25,9336.0
INV00604,PO00604,VENDOR_022,2025-07-27 00:00:00,13,5744.83
INV00605,PO00605,VENDOR_013,2025-07-26 08:00:00,82,11985.94
INV00606,PO00606,VENDOR_019,2025-08-10 16:00:00,33,3466.32
INV00607,PO00607,VENDOR_049,2025-08-13 00:00:00,16,7057.76
INV00608,PO00608,VENDOR_036,2025-08-12 08:00:00,42,13952.4
INV00609,PO00609,VENDOR_012,2025-08-01 16:00:00,66,10715.76
INV00610,PO00610,VENDOR_041,2025-08-10 00:00:00,55,20556.25
INV00611,PO00611,VENDOR_019,2025-08-11 08:00:00,99,44839.91
INV00612,PO00612,VENDOR_012,2025-08-10 16:00:00,42,13076.28
INV00613,PO00613,VENDOR_009,2025-07-31 00:00:00,34,11800.04
INV00614,PO00614,VENDOR_007,2025-08-16 08:00:00,35,6591.33
INV00615,PO00615,VENDOR_028,2025-08-09 16:00:00,13,3561.48
INV00616,PO00616,VENDOR_014,2025-07-31 00:00:00,21,3468.92
INV00617,PO00617,VENDOR_031,2025-08-01 08:00:00,18,9007.35
INV00618,PO00618,VENDOR_019,2025-08-16 16:00:00,32,13490.56
INV00619,PO00619,VENDOR_047,2025-07-31 00:00:00,96,49146.21
INV00620,PO00620,VENDOR_016,2025-08-19 08:00:00,99,1525.59
INV00621,PO00621,VENDOR_005,2025-08-05 16:00:00,39,14713.92
INV00622,PO00622,VENDOR_035,2025-08-05 00:00:00,46,17560.5
INV00623,PO00623,VENDOR_012,2025-08-01 08:00:00,29,9929.89
INV00624,PO00624,VENDOR_025,2025-08-19 16:00:00,62,27298.86
INV00625,PO00625,VENDOR_021,2025-08-02 00:00:00,93,39299.01
INV00626,PO00626,VENDOR_036,2025-08-17 08:00:00,62,14908.52
INV00627,PO00627,VENDOR_023,2025-08-13 16:00:00,57,14592.0
INV00628,PO00628,VENDOR_016,2025-08-10 00:00:00,16,1137.76
INV00629,PO00629,VENDOR_039,2025-08-18 08:00:00,56,11134.48
INV00630,PO00630,VENDOR_045,2025-08-03 16:00:00,10,3252.5
INV00631,PO00631,VENDOR_042,2025-08-07 00:00:00,30,11772.0
INV00632,PO00632,VENDOR_039,2025-08-13 08:00:00,25,2910.75
INV00633,PO00633,VENDOR_014,2025-08-14 16:00:00,84,6512.52
INV00634,PO00634,VENDOR_031,2025-08-21 00:00:00,5,1674.45
INV00635,PO00635,VENDOR_005,2025-08-11 08:00:00,65,709.8
INV00636,PO00636,VENDOR_035,2025-08-16 16:00:00,94,9155.6
INV00637,PO00637,VENDOR_023,2025-08-12 00:00:00,49,1187.76
INV00638,PO00638,VENDOR_029,2025-08-17 08:00:00,12,275.31
INV00639,PO00639,VENDOR_043,2025-08-20 16:00:00,45,4448.25
INV00640,PO00640,VENDOR_011,2025-08-08 00:00:00,14,2799.44
INV00641,PO00641,VENDOR_018,2025-08-20 08:00:00,30,6214.2
INV00642,PO00642,VENDOR_047,2025-08-19 16:00:00,68,29810.52
INV00643,PO00643,VENDOR_012,2025-08-11 00:00:00,18,4679.1
INV00644,PO00644,VENDOR_009,2025-08-21 08:00:00,68,22597.14
INV00645,PO00645,VENDOR_010,2025-08-21 16:00:00,37,2258.11
INV00646,PO00646,VENDOR_044,2025-08-24 00:00:00,25,3011.5
INV00647,PO00647,VENDOR_017,2025-08-15 08:00:00,48,17013.12
INV00648,PO00648,VENDOR_038,2025-08-27 16:00:00,65,2331.55
INV00649,PO00649,VENDOR_007,2025-08-11 00:00:00,53,13166.79
INV00650,PO00650,VENDOR_046,2025-08-19 08:00:00,80,23991.51
INV00651,PO00651,VENDOR_013,2025-08-27 16:00:00,73,22268.65
INV00652,PO00652,VENDOR_040,2025-08-27 00:00:00,15,318.6
INV00653,PO00653,VENDOR_042,2025-08-15 08:00:00,49,8223.67
INV00654,PO00654,VENDOR_009,2025-08-22 16:00:00,88,29790.54
INV00655,PO00655,VENDOR_050,2025-08-17 00:00:00,68,5644.68
INV00656,PO00656,VENDOR_027,2025-08-20 08:00:00,12,4209.0
INV00657,PO00657,VENDOR_002,2025-08-31 16:00:00,59,22154.5
INV00658,PO00658,VENDOR_005,2025-08-13 00:00:00,37,18172.92
INV00659,PO00659,VENDOR_029,2025-08-27 08:00:00,61,6882.02
INV00660,PO00660,VENDOR_037,2025-08-18 16:00:00,43,17815.33
INV00661,PO00661,VENDOR_038,2025-09-01 00:00:00,70,18546.5
INV00662,PO00662,VENDOR_019,2025-08-31 08:00:00,39,7527.0
INV00663,PO00663,VENDOR_008,2025-08-19 16:00:00,56,3917.76
INV00664,PO00664,VENDOR_048,2025-08-27 00:00:00,63,23335.2
INV00665,PO00665,VENDOR_045,2025-08-15 08:00:00,47,5776.22
INV00666,PO00666,VENDOR_001,2025-08-27 16:00:00,88,16896.0
INV00667,PO00667,VENDOR_022,2025-08-22 00:00:00,11,447.15
INV00668,PO00668,VENDOR_017,2025-08-30 08:00:00,62,24965.54
INV00669,PO00669,VENDOR_007,2025-08-27 16:00:00,77,29693.51
INV00670,PO00670,VENDOR_025,2025-08-17 00:00:00,98,36208.06
INV00671,PO00671,VENDOR_045,2025-08-31 08:00:00,25,3918.25
INV00672,PO00672,VENDOR_004,2025-08-20 16:00:00,71,6745.71
INV00673,PO00673,VENDOR_036,2025-08-30 00:00:00,52,16764.8
INV00674,PO00674,VENDOR_006,2025-08-22 08:00:00,4,1012.48
INV00675,PO00675,VENDOR_031,2025-08-19 16:00:00,59,5743.06
INV00676,PO00676,VENDOR_019,2025-08-19 00:00:00,72,24919.2
INV00677,PO00677,VENDOR_044,2025-09-03 08:00:00,20,11411.93
INV00678,PO00678,VENDOR_039,2025-08-24 16:00:00,93,34981.02
INV00679,PO00679,VENDOR_027,2025-09-04 00:00:00,63,23473.17
INV00680,PO00680,VENDOR_010,2025-09-02 08:00:00,54,25685.1
INV00681,PO00681,VENDOR_026,2025-08-22 16:00:00,74,9825.26
INV00682,PO00682,VENDOR_019,2025-09-04 00:00:00,98,28137.76
INV00683,PO00683,VENDOR_039,2025-08-23 08:00:00,57,27931.71
INV00684,PO00684,VENDOR_003,2025-08-22 16:00:00,90,8189.1
INV00685,PO00685,VENDOR_045,2025-08-22 00:00:00,41,14477.92
INV00686,PO00686,VENDOR_013,2025-08-30 08:00:00,3,891.15
INV00687,PO00687,VENDOR_050,2025-08-30 16:00:00,6,1784.22
INV00688,PO00688,VENDOR_028,2025-08-29 00:00:00,5,1759.3
INV00689,PO00689,VENDOR_020,2025-08-25 08:00:00,5,2327.55
INV00690,PO00690,VENDOR_028,2025-09-09 16:00:00,54,21247.38
INV00691,PO00691,VENDOR_008,2025-09-03 00:00:00,47,1762.97
INV00692,PO00692,VENDOR_041,2025-08-30 08:00:00,87,37222.08
INV00693,PO00693,VENDOR_039,2025-09-01 16:00:00,52,5905.48
INV00694,PO00694,VENDOR_001,2025-08-25 00:00:00,9,1752.21
INV00695,PO00695,VENDOR_003,2025-09-07 08:00:00,99,23388.75
INV00696,PO00696,VENDOR_013,2025-09-13 16:00:00,20,4912.8
INV00697,PO00697,VENDOR_028,2025-08-31 00:00:00,61,13617.64
INV00698,PO00698,VENDOR_049,2025-09-01 08:00:00,35,16425.5
INV00699,PO00699,VENDOR_025,2025-09-04 16:00:00,50,17797.5
INV00700,PO00700,VENDOR_033,2025-09-02 00:00:00,82,26180.14
INV00701,PO00701,VENDOR_038,2025-08-28 08:00:00,62,2134.04
INV00702,PO00702,VENDOR_006,2025-08-30 16:00:00,17,7699.64
INV00703,PO00703,VENDOR_044,2025-09-13 00:00:00,97,40092.8
INV00704,PO00704,VENDOR_045,2025-08-28 08:00:00,3,1176.9
INV00705,PO00705,VENDOR_032,2025-09-06 16:00:00,32,430.08
INV00706,PO00706,VENDOR_045,2025-09-16 00:00:00,99,3768.93
INV00707,PO00707,VENDOR_047,2025-09-12 08:00:00,13,1564.68
INV00708,PO00708,VENDOR_021,2025-09-07 16:00:00,89,6618.04
INV00709,PO00709,VENDOR_016,2025-09-17 00:00:00,73,14996.39
INV00710,PO00710,VENDOR_021,2025-09-10 08:00:00,68,31422.12
INV00711,PO00711,VENDOR_011,2025-09-14 16:00:00,14,3378.34
INV00712,PO00712,VENDOR_037,2025-09-08 00:00:00,98,1623.86
INV00713,PO00713,VENDOR_036,2025-09-14 08:00:00,11,1634.05
INV00714,PO00714,VENDOR_035,2025-09-16 16:00:00,56,1783.6
INV00715,PO00715,VENDOR_019,2025-09-14 00:00:00,67,1861.26
INV00716,PO00716,VENDOR_020,2025-09-18 08:00:00,92,13349.2
INV00717,PO00717,VENDOR_018,2025-09-02 16:00:00,29,4206.45
INV00718,PO00718,VENDOR_047,2025-09-05 00:00:00,9,3561.21
INV00719,PO00719,VENDOR_041,2025-09-19 08:00:00,67,32673.89
INV00720,PO00720,VENDOR_049,2025-09-08 16:00:00,25,4797.25
INV00721,PO00721,VENDOR_014,2025-09-15 00:00:00,98,21574.7
INV00722,PO00722,VENDOR_015,2025-09-17 08:00:00,76,32220.2
INV00723,PO00723,VENDOR_031,2025-09-03 16:00:00,42,7109.47
INV00724,PO00724,VENDOR_001,2025-09-14 00:00:00,9,779.67
INV00725,PO00725,VENDOR_003,2025-09-13 08:00:00,79,33812.79
INV00726,PO00726,VENDOR_016,2025-09-08 16:00:00,40,1311.6
INV00727,PO00727,VENDOR_023,2025-09-20 00:00:00,25,7841.25
INV00728,PO00728,VENDOR_011,2025-09-15 08:00:00,5,1426.9
INV00729,PO00729,VENDOR_012,2025-09-10 16:00:00,11,1974.5
INV00730,PO00730,VENDOR_010,2025-09-14 00:00:00,59,9701.96
INV00731,PO00731,VENDOR_032,2025-09-18 08:00:00,98,38044.58
INV00732,PO00732,VENDOR_016,2025-09-13 16:00:00,88,4606.8
INV00733,PO00733,VENDOR_008,2025-09-20 00:00:00,79,12436.96
INV00734,PO00734,VENDOR_038,2025-09-07 08:00:00,39,14018.2
INV00735,PO00735,VENDOR_012,2025-09-23 16:00:00,72,20064.96
INV00736,PO00736,VENDOR_024,2025-09-12 00:00:00,5,363.55
INV00737,PO00737,VENDOR_028,2025-09-09 08:00:00,48,21228.0
INV00738,PO00738,VENDOR_008,2025-09-16 16:00:00,90,18251.1
INV00739,PO00739,VENDOR_028,2025-09-12 00:00:00,18,7481.88
INV00740,PO00740,VENDOR_036,2025-09-25 08:00:00,70,27718.6
INV00741,PO00741,VENDOR_026,2025-09-25 16:00:00,37,11690.89
INV00742,PO00742,VENDOR_008,2025-09-27 00:00:00,60,18817.89
INV00743,PO00743,VENDOR_050,2025-09-25 08:00:00,48,23519.04
INV00744,PO00744,VENDOR_028,2025-09-17 16:00:00,77,6239.31
INV00745,PO00745,VENDOR_028,2025-09-21 00:00:00,28,10921.55
INV00746,PO00746,VENDOR_037,2025-09-28 08:00:00,69,7153.92
INV00747,PO00747,VENDOR_041,2025-09-20 16:00:00,77,13532.75
INV00748,PO00748,VENDOR_036,2025-09-24 00:00:00,81,13062.06
INV00749,PO00749,VENDOR_027,2025-09-28 08:00:00,40,21548.67
INV00750,PO00750,VENDOR_017,2025-09-29 16:00:00,45,21780.0
INV00751,PO00751,VENDOR_009,2025-09-22 00:00:00,96,9569.28
INV00752,PO00752,VENDOR_033,2025-09-28 08:00:00,62,1289.6
INV00753,PO00753,VENDOR_020,2025-10-02 16:00:00,93,33740.4
INV00754,PO00754,VENDOR_013,2025-09-18 00:00:00,58,12459.56
INV00755,PO00755,VENDOR_028,2025-09-26 08:00:00,67,4432.04
INV00756,PO00756,VENDOR_048,2025-10-01 16:00:00,56,19322.24
INV00757,PO00757,VENDOR_029,2025-10-01 00:00:00,40,11084.0
INV00758,PO00758,VENDOR_013,2025-09-23 08:00:00,98,48064.1
INV00759,PO00759,VENDOR_046,2025-09-28 16:00:00,40,4857.2
INV00760,PO00760,VENDOR_035,2025-10-02 00:00:00,91,18923.45
INV00761,PO00761,VENDOR_006,2025-09-19 08:00:00,77,21240.45
INV00762,PO00762,VENDOR_018,2025-10-03 16:00:00,33,13131.69
INV00763,PO00763,VENDOR_005,2025-10-06 00:00:00,6,1673.58
INV00764,PO00764,VENDOR_047,2025-10-01 08:00:00,88,27308.16
INV00765,PO00765,VENDOR_025,2025-09-27 16:00:00,19,2295.39
INV00766,PO00766,VENDOR_002,2025-09-29 00:00:00,80,33999.2
INV00767,PO00767,VENDOR_010,2025-09-26 08:00:00,40,8801.2
INV00768,PO00768,VENDOR_030,2025-09-30 16:00:00,92,7274.44
INV00769,PO00769,VENDOR_050,2025-10-03 00:00:00,97,32538.65
INV00770,PO00770,VENDOR_045,2025-10-03 08:00:00,59,6836.92
INV00771,PO00771,VENDOR_005,2025-09-23 16:00:00,59,3410.79
INV00772,PO00772,VENDOR_033,2025-10-08 00:00:00,48,20753.76
INV00773,PO00773,VENDOR_001,2025-10-09 08:00:00,41,9654.68
INV00774,PO00774,VENDOR_018,2025-10-03 16:00:00,13,4902.95
INV00775,PO00775,VENDOR_032,2025-10-07 00:00:00,45,6857.55
INV00776,PO00776,VENDOR_047,2025-10-08 08:00:00,89,35210.18
INV00777,PO00777,VENDOR_049,2025-09-23 16:00:00,53,3437.05
INV00778,PO00778,VENDOR_011,2025-09-23 00:00:00,42,7746.06
INV00779,PO00779,VENDOR_021,2025-09-22 08:00:00,100,48925.0
INV00780,PO00780,VENDOR_026,2025-10-01 16:00:00,63,25140.15
INV00781,PO00781,VENDOR_025,2025-10-11 00:00:00,27,6848.82
INV00782,PO00782,VENDOR_022,2025-10-09 08:00:00,38,6706.62
INV00783,PO00783,VENDOR_027,2025-10-04 16:00:00,60,26241.0
INV00784,PO00784,VENDOR_049,2025-09-24 00:00:00,7,1938.86
INV00785,PO00785,VENDOR_013,2025-10-05 08:00:00,5,1908.15
INV00786,PO00786,VENDOR_033,2025-10-10 16:00:00,45,17077.95
INV00787,PO00787,VENDOR_034,2025-09-27 00:00:00,58,1089.82
INV00788,PO00788,VENDOR_041,2025-10-05 08:00:00,31,2227.66
INV00789,PO00789,VENDOR_035,2025-10-11 16:00:00,23,7664.06
INV00790,PO00790,VENDOR_001,2025-09-28 00:00:00,42,3745.98
INV00791,PO00791,VENDOR_021,2025-10-03 08:00:00,10,1351.9
INV00792,PO00792,VENDOR_048,2025-10-15 16:00:00,32,15163.2
INV00793,PO00793,VENDOR_006,2025-09-30 00:00:00,53,15077.97
INV00794,PO00794,VENDOR_028,2025-10-03 08:00:00,30,11335.8
INV00795,PO00795,VENDOR_017,2025-10-10 16:00:00,39,11052.99
INV00796,PO00796,VENDOR_005,2025-10-11 00:00:00,31,8702.63
INV00797,PO00797,VENDOR_031,2025-10-01 08:00:00,82,4602.66
INV00798,PO00798,VENDOR_005,2025-10-13 16:00:00,100,17839.0
INV00799,PO00799,VENDOR_038,2025-09-29 00:00:00,2,296.78
INV00800,PO00800,VENDOR_003,2025-10-15 08:00:00,78,15713.88
INV00801,PO00801,VENDOR_023,2025-10-08 16:00:00,77,30891.63
INV00802,PO00802,VENDOR_037,2025-10-15 00:00:00,93,17879.25
INV00803,PO00803,VENDOR_037,2025-10-15 08:00:00,12,2775.96
INV00804,PO00804,VENDOR_010,2025-10-07 16:00:00,39,7984.08
INV00805,PO00805,VENDOR_010,2025-10-07 00:00:00,66,3680.82
INV00806,PO00806,VENDOR_019,2025-10-06 08:00:00,96,21708.48
INV00807,PO00807,VENDOR_017,2025-10-16 16:00:00,13,1376.05
INV00808,PO00808,VENDOR_021,2025-10-21 00:00:00,46,4668.54
INV00809,PO00809,VENDOR_014,2025-10-17 08:00:00,27,1514.16
INV00810,PO00810,VENDOR_009,2025-10-08 16:00:00,17,3141.09
INV00811,PO00811,VENDOR_046,2025-10-11 00:00:00,95,36211.15
INV00812,PO00812,VENDOR_001,2025-10-16 08:00:00,98,14255.08
INV00813,PO00813,VENDOR_045,2025-10-13 16:00:00,60,9783.0
INV00814,PO00814,VENDOR_013,2025-10-17 00:00:00,64,20794.24
INV00815,PO00815,VENDOR_004,2025-10-10 08:00:00,88,9324.48
INV00816,PO00816,VENDOR_001,2025-10-04 16:00:00,35,15732.85
INV00817,PO00817,VENDOR_049,2025-10-17 00:00:00,70,18542.3
INV00818,PO00818,VENDOR_040,2025-10-24 08:00:00,83,19034.39
INV00819,PO00819,VENDOR_032,2025-10-07 16:00:00,30,8499.9
INV00820,PO00820,VENDOR_034,2025-10-25 00:00:00,71,6486.56
INV00821,PO00821,VENDOR_028,2025-10-09 08:00:00,74,22984.4
INV00822,PO00822,VENDOR_031,2025-10-16 16:00:00,96,18040.32
INV00823,PO00823,VENDOR_008,2025-10-08 00:00:00,98,44062.76
INV00824,PO00824,VENDOR_039,2025-10-20 08:00:00,63,5842.62
INV00825,PO00825,VENDOR_026,2025-10-18 16:00:00,28,7236.88
INV00826,PO00826,VENDOR_034,2025-10-24 00:00:00,60,18184.8
INV00827,PO00827,VENDOR_003,2025-10-19 08:00:00,79,2082.44
INV00828,PO00828,VENDOR_050,2025-10-19 16:00:00,94,17691.74
INV00829,PO00829,VENDOR_012,2025-10-09 00:00:00,37,13652.63
INV00830,PO00830,VENDOR_001,2025-10-21 08:00:00,93,38314.14
INV00831,PO00831,VENDOR_044,2025-10-22 16:00:00,22,3595.9
INV00832,PO00832,VENDOR_005,2025-10-11 00:00:00,68,27289.08
INV00833,PO00833,VENDOR_030,2025-10-21 08:00:00,20,9684.0
INV00834,PO00834,VENDOR_030,2025-10-25 16:00:00,96,41267.52
INV00835,PO00835,VENDOR_017,2025-10-14 00:00:00,100,6765.0
INV00836,PO00836,VENDOR_048,2025-10-18 08:00:00,68,25327.96
INV00837,PO00837,VENDOR_047,2025-10-12 16:00:00,91,15164.24
INV00838,PO00838,VENDOR_023,2025-10-21 00:00:00,64,31636.48
INV00839,PO00839,VENDOR_015,2025-10-20 08:00:00,17,4213.11
INV00840,PO00840,VENDOR_037,2025-10-26 16:00:00,12,839.88
INV00841,PO00841,VENDOR_021,2025-10-25 00:00:00,22,8953.78
INV00842,PO00842,VENDOR_014,2025-10-29 08:00:00,17,2860.76
INV00843,PO00843,VENDOR_002,2025-10-28 16:00:00,10,4985.7
INV00844,PO00844,VENDOR_011,2025-10-15 00:00:00,65,31855.85
INV00845,PO00845,VENDOR_039,2025-11-02 08:00:00,22,7293.22
INV00846,PO00846,VENDOR_038,2025-11-02 16:00:00,90,6624.9
INV00847,PO00847,VENDOR_034,2025-10-28 00:00:00,82,28417.92
INV00848,PO00848,VENDOR_038,2025-10-17 08:00:00,50,2779.0
INV00849,PO00849,VENDOR_050,2025-10-26 16:00:00,14,341.46
INV00850,PO00850,VENDOR_034,2025-10-23 00:00:00,64,26448.0
INV00851,PO00851,VENDOR_018,2025-10-17 08:00:00,47,5300.66
INV00852,PO00852,VENDOR_030,2025-10-19 16:00:00,29,6228.11
INV00853,PO00853,VENDOR_015,2025-10-30 00:00:00,83,37011.24
INV00854,PO00854,VENDOR_027,2025-11-01 08:00:00,36,6301.8
INV00855,PO00855,VENDOR_034,2025-11-04 16:00:00,99,15372.72
INV00856,PO00856,VENDOR_038,2025-10-19 00:00:00,52,23915.84
INV00857,PO00857,VENDOR_033,2025-10-29 08:00:00,76,4884.52
INV00858,PO00858,VENDOR_024,2025-10-31 16:00:00,7,2675.4
INV00859,PO00859,VENDOR_015,2025-10-24 00:00:00,29,14330.35
INV00860,PO00860,VENDOR_030,2025-10-31 08:00:00,11,5315.96
INV00861,PO00861,VENDOR_042,2025-10-22 16:00:00,33,10867.56
INV00862,PO00862,VENDOR_017,2025-11-06 00:00:00,6,983.34
INV00863,PO00863,VENDOR_005,2025-10-31 08:00:00,79,10634.98
INV00864,PO00864,VENDOR_029,2025-11-08 16:00:00,32,13166.08
INV00865,PO00865,VENDOR_004,2025-11-08 00:00:00,51,22496.61
INV00866,PO00866,VENDOR_010,2025-10-28 08:00:00,75,20059.5
INV00867,PO00867,VENDOR_017,2025-10-27 16:00:00,58,7524.34
INV00868,PO00868,VENDOR_010,2025-11-06 00:00:00,87,6835.55
INV00869,PO00869,VENDOR_017,2025-11-09 08:00:00,26,1533.08
INV00870,PO00870,VENDOR_020,2025-10-27 16:00:00,98,35510.3
INV00871,PO00871,VENDOR_024,2025-11-11 00:00:00,46,9929.56
INV00872,PO00872,VENDOR_005,2025-11-02 08:00:00,98,44455.74
INV00873,PO00873,VENDOR_034,2025-10-27 16:00:00,29,10800.76
INV00874,PO00874,VENDOR_006,2025-11-08 00:00:00,4,414.88
INV00875,PO00875,VENDOR_002,2025-10-30 08:00:00,81,25170.75
INV00876,PO00876,VENDOR_013,2025-10-28 16:00:00,99,22116.6
INV00877,PO00877,VENDOR_043,2025-11-04 00:00:00,13,3807.05
INV00878,PO00878,VENDOR_043,2025-11-08 08:00:00,39,14494.35
INV00879,PO00879,VENDOR_048,2025-10-27 16:00:00,15,6075.6
INV00880,PO00880,VENDOR_011,2025-10-30 00:00:00,29,12279.47
INV00881,PO00881,VENDOR_047,2025-10-30 08:00:00,29,3899.05
INV00882,PO00882,VENDOR_023,2025-11-03 16:00:00,75,1893.75
INV00883,PO00883,VENDOR_016,2025-11-10 00:00:00,32,11912.0
INV00884,PO00884,VENDOR_031,2025-10-29 08:00:00,2,124.22
INV00885,PO00885,VENDOR_011,2025-11-01 16:00:00,47,7722.57
INV00886,PO00886,VENDOR_016,2025-11-13 00:00:00,85,1082.41
INV00887,PO00887,VENDOR_008,2025-11-04 08:00:00,84,32717.62
INV00888,PO00888,VENDOR_004,2025-11-07 16:00:00,22,2021.58
INV00889,PO00889,VENDOR_040,2025-11-03 00:00:00,75,24831.75
INV00890,PO00890,VENDOR_004,2025-11-05 08:00:00,27,13390.65
INV00891,PO00891,VENDOR_025,2025-11-07 16:00:00,67,3055.87
INV00892,PO00892,VENDOR_003,2025-11-01 00:00:00,81,3869.37
INV00893,PO00893,VENDOR_032,2025-11-12 08:00:00,56,9900.24
INV00894,PO00894,VENDOR_003,2025-11-12 16:00:00,92,39976.76
INV00895,PO00895,VENDOR_027,2025-11-09 00:00:00,93,10751.73
INV00896,PO00896,VENDOR_029,2025-11-11 08:00:00,21,3918.39
INV00897,PO00897,VENDOR_032,2025-11-05 16:00:00,47,2047.79
INV00898,PO00898,VENDOR_050,2025-11-12 00:00:00,80,30716.0
INV00899,PO00899,VENDOR_019,2025-11-14 08:00:00,59,12394.13
INV00900,PO00900,VENDOR_021,2025-11-02 16:00:00,84,32090.52
INV00901,PO00901,VENDOR_005,2025-11-10 00:00:00,6,3079.23
INV00902,PO00902,VENDOR_018,2025-11-11 08:00:00,21,2356.95
INV00903,PO00903,VENDOR_028,2025-11-18 16:00:00,57,23120.34
INV00904,PO00904,VENDOR_042,2025-11-19 00:00:00,69,2688.24
INV00905,PO00905,VENDOR_022,2025-11-05 08:00:00,3,1351.32
INV00906,PO00906,VENDOR_021,2025-11-21 16:00:00,1,328.88
INV00907,PO00907,VENDOR_006,2025-11-04 00:00:00,58,25425.46
INV00908,PO00908,VENDOR_001,2025-11-15 08:00:00,38,383.42
INV00909,PO00909,VENDOR_005,2025-11-10 16:00:00,15,1392.75
INV00910,PO00910,VENDOR_041,2025-11-08 00:00:00,34,6833.32
INV00911,PO00911,VENDOR_012,2025-11-14 08:00:00,61,11953.56
INV00912,PO00912,VENDOR_026,2025-11-17 16:00:00,35,4238.5
INV00913,PO00913,VENDOR_046,2025-11-07 00:00:00,64,12607.36
INV00914,PO00914,VENDOR_034,2025-11-15 08:00:00,25,1828.5
INV00915,PO00915,VENDOR_049,2025-11-09 16:00:00,24,5094.0
INV00916,PO00916,VENDOR_014,2025-11-24 00:00:00,12,4837.8
INV00917,PO00917,VENDOR_026,2025-11-11 08:00:00,18,4405.32
INV00918,PO00918,VENDOR_045,2025-11-25 16:00:00,15,282.3
INV00919,PO00919,VENDOR_027,2025-11-09 00:00:00,80,17320.8
INV00920,PO00920,VENDOR_009,2025-11-19 08:00:00,27,629.64
INV00921,PO00921,VENDOR_026,2025-11-24 16:00:00,72,34809.12
INV00922,PO00922,VENDOR_047,2025-11-18 00:00:00,60,4347.0
INV00923,PO00923,VENDOR_022,2025-11-10 08:00:00,46,16411.42
INV00924,PO00924,VENDOR_047,2025-11-14 16:00:00,89,43312.74
INV00925,PO00925,VENDOR_030,2025-11-17 00:00:00,17,7050.92
INV00926,PO00926,VENDOR_043,2025-11-28 08:00:00,93,32797.38
INV00927,PO00927,VENDOR_048,2025-11-20 16:00:00,53,22331.02
INV00928,PO00928,VENDOR_017,2025-11-22 00:00:00,11,3928.64
INV00929,PO00929,VENDOR_026,2025-11-19 08:00:00,79,24842.34
INV00930,PO00930,VENDOR_036,2025-11-12 16:00:00,27,9530.33
INV00931,PO00931,VENDOR_001,2025-11-19 00:00:00,46,17423.66
INV00932,PO00932,VENDOR_008,2025-11-22 08:00:00,50,13550.5
INV00933,PO00933,VENDOR_049,2025-11-15 16:00:00,71,22804.49
INV00934,PO00934,VENDOR_035,2025-11-22 00:00:00,8,691.26
INV00935,PO00935,VENDOR_015,2025-12-02 08:00:00,93,10884.72
INV00936,PO00936,VENDOR_047,2025-11-28 16:00:00,64,4410.88
INV00937,PO00937,VENDOR_022,2025-11-21 00:00:00,44,1913.56
INV00938,PO00938,VENDOR_014,2025-11-17 08:00:00,53,7368.06
INV00939,PO00939,VENDOR_026,2025-11-23 16:00:00,24,782.4
INV00940,PO00940,VENDOR_028,2025-11-26 00:00:00,60,17274.6
INV00941,PO00941,VENDOR_023,2025-11-28 08:00:00,3,447.24
INV00942,PO00942,VENDOR_014,2025-11-30 16:00:00,20,8280.4
INV00943,PO00943,VENDOR_024,2025-12-03 00:00:00,49,2133.48
INV00944,PO00944,VENDOR_002,2025-11-27 08:00:00,15,1813.65
INV00945,PO00945,VENDOR_045,2025-12-03 16:00:00,25,9195.5
INV00946,PO00946,VENDOR_026,2025-11-23 00:00:00,94,28521.48
INV00947,PO00947,VENDOR_014,2025-12-06 08:00:00,78,3244.8
INV00948,PO00948,VENDOR_007,2025-11-23 16:00:00,76,31229.35
INV00949,PO00949,VENDOR_003,2025-11-26 00:00:00,17,7477.62
INV00950,PO00950,VENDOR_047,2025-11-18 08:00:00,84,14439.6
INV00951,PO00951,VENDOR_023,2025-11-23 16:00:00,100,17680.0
INV00952,PO00952,VENDOR_046,2025-11-24 00:00:00,9,4451.58
INV00953,PO00953,VENDOR_043,2025-11-30 08:00:00,38,12039.54
INV00954,PO00954,VENDOR_047,2025-11-30 16:00:00,48,12976.8
INV00955,PO00955,VENDOR_045,2025-11-29 00:00:00,60,25241.4
INV00956,PO00956,VENDOR_018,2025-11-25 08:00:00,63,9436.77
INV00957,PO00957,VENDOR_038,2025-12-06 16:00:00,86,20107.65
INV00958,PO00958,VENDOR_035,2025-12-09 00:00:00,2,282.42
INV00959,PO00959,VENDOR_015,2025-12-08 08:00:00,88,34908.72
INV00960,PO00960,VENDOR_025,2025-11-26 16:00:00,72,20947.68
INV00961,PO00961,VENDOR_037,2025-12-10 00:00:00,11,3661.02
INV00962,PO00962,VENDOR_028,2025-12-01 08:00:00,64,8552.32
INV00963,PO00963,VENDOR_010,2025-11-29 16:00:00,77,9079.07
INV00964,PO00964,VENDOR_039,2025-11-28 00:00:00,81,20193.3
INV00965,PO00965,VENDOR_017,2025-11-29 08:00:00,72,26741.52
INV00966,PO00966,VENDOR_039,2025-11-23 16:00:00,21,5614.77
INV00967,PO00967,VENDOR_022,2025-12-11 00:00:00,18,468.0
INV00968,PO00968,VENDOR_026,2025-12-13 08:00:00,94,40945.46
INV00969,PO00969,VENDOR_044,2025-12-05 16:00:00,64,2668.8
INV00970,PO00970,VENDOR_025,2025-12-10 00:00:00,82,39224.7
INV00971,PO00971,VENDOR_017,2025-12-04 08:00:00,95,2120.4
INV00972,PO00972,VENDOR_013,2025-12-04 16:00:00,38,13310.64
INV00973,PO00973,VENDOR_020,2025-12-09 00:00:00,32,1608.96
INV00974,PO00974,VENDOR_025,2025-12-15 08:00:00,11,5018.53
INV00975,PO00975,VENDOR_004,2025-12-05 16:00:00,45,10690.65
INV00976,PO00976,VENDOR_010,2025-12-06 00:00:00,89,6887.71
INV00977,PO00977,VENDOR_003,2025-12-07 08:00:00,33,5841.0
INV00978,PO00978,VENDOR_041,2025-11-28 16:00:00,41,3721.16
INV00979,PO00979,VENDOR_045,2025-12-17 00:00:00,8,748.72
INV00980,PO00980,VENDOR_018,2025-12-05 08:00:00,11,5220.27
INV00981,PO00981,VENDOR_047,2025-12-04 16:00:00,86,19622.62
INV00982,PO00982,VENDOR_036,2025-12-06 00:00:00,51,20222.01
INV00983,PO00983,VENDOR_047,2025-11-29 08:00:00,88,28460.08
INV00984,PO00984,VENDOR_022,2025-11-30 16:00:00,41,13999.45
INV00985,PO00985,VENDOR_034,2025-12-17 00:00:00,17,1267.01
INV00986,PO00986,VENDOR_047,2025-12-14 08:00:00,76,9481.0
INV00987,PO00987,VENDOR_008,2025-11-30 16:00:00,46,18193.46
INV00988,PO00988,VENDOR_040,2025-12-05 00:00:00,32,16767.42
INV00989,PO00989,VENDOR_049,2025-12-02 08:00:00,79,10958.09
INV00990,PO00990,VENDOR_044,2025-12-20 16:00:00,80,11445.6
INV00991,PO00991,VENDOR_019,2025-12-04 00:00:00,54,13052.88
INV00992,PO00992,VENDOR_042,2025-12-20 08:00:00,86,42318.88
INV00993,PO00993,VENDOR_041,2025-12-19 16:00:00,92,13044.68
INV00994,PO00994,VENDOR_037,2025-12-20 00:00:00,20,4188.4
INV00995,PO00995,VENDOR_006,2025-12-16 08:00:00,33,14745.39
INV00996,PO00996,VENDOR_026,2025-12-10 16:00:00,74,845.82
INV00997,PO00997,VENDOR_034,2025-12-15 00:00:00,40,1179.6
INV00998,PO00998,VENDOR_045,2025-12-13 08:00:00,32,9792.0
INV00999,PO00999,VENDOR_006,2025-12-23 16:00:00,97,44098.14
INV01000,PO01000,VENDOR_037,2025-12-21 00:00:00,2,254.08
DUP00001,PO00522,VENDOR_024,2025-07-05 16:00:00,94,37043.52
DUP00002,PO00738,VENDOR_008,2025-09-16 16:00:00,90,18251.1
DUP00003,PO00741,VENDOR_026,2025-09-25 16:00:00,37,11690.89
DUP00004,PO00661,VENDOR_038,2025-09-01 00:00:00,70,18546.5
DUP00005,PO00412,VENDOR_036,2025-06-10 00:00:00,44,11351.56
DUP00006,PO00679,VENDOR_027,2025-09-04 00:00:00,63,23473.17
DUP00007,PO00627,VENDOR_023,2025-08-13 16:00:00,57,14592.0
DUP00008,PO00514,VENDOR_010,2025-07-02 00:00:00,43,2650.09
DUP00009,PO00860,VENDOR_030,2025-10-31 08:00:00,11,5315.96
DUP00010,PO00137,VENDOR_047,2025-03-06 08:00:00,25,7412.25
DUP00011,PO00812,VENDOR_001,2025-10-16 08:00:00,98,14255.08
DUP00012,PO00077,VENDOR_014,2025-02-09 08:00:00,68,12479.67
DUP00013,PO00637,VENDOR_023,2025-08-12 00:00:00,49,1187.76
DUP00014,PO00974,VENDOR_025,2025-12-15 08:00:00,11,5018.53
DUP00015,PO00939,VENDOR_026,2025-11-23 16:00:00,24,782.4
DUP00016,PO00900,VENDOR_021,2025-11-02 16:00:00,84,32090.52
DUP00017,PO00281,VENDOR_001,2025-04-27 08:00:00,70,23730.0
DUP00018,PO00884,VENDOR_031,2025-10-29 08:00:00,2,124.22
DUP00019,PO00762,VENDOR_018,2025-10-03 16:00:00,33,13131.69
DUP00020,PO00320,VENDOR_004,2025-05-11 08:00:00,40,9071.2
DUP00021,PO00550,VENDOR_046,2025-07-25 00:00:00,89,27775.12
DUP00022,PO00175,VENDOR_028,2025-03-17 00:00:00,13,6623.78
DUP00023,PO00372,VENDOR_033,2025-05-27 16:00:00,16,4156.16
DUP00024,PO00528,VENDOR_027,2025-07-10 16:00:00,49,10677.59
DUP00025,PO00211,VENDOR_003,2025-03-28 00:00:00,90,29237.4
NOPO00001,MISSING_PO_001,VENDOR_021,2025-07-22 08:00:00,72,8519.04
NOPO00002,MISSING_PO_002,VENDOR_015,2025-03-03 16:00:00,6,1593.9
NOPO00003,MISSING_PO_003,VENDOR_006,2025-05-18 08:00:00,97,29891.52
NOPO00004,MISSING_PO_004,VENDOR_036,2025-09-24 00:00:00,81,13062.06
NOPO00005,MISSING_PO_005,VENDOR_040,2025-06-05 00:00:00,69,20064.51
NOPO00006,MISSING_PO_006,VENDOR_002,2025-08-31 16:00:00,59,22154.5
NOPO00007,MISSING_PO_007,VENDOR_003,2025-03-28 00:00:00,90,29237.4
NOPO00008,MISSING_PO_008,VENDOR_001,2025-06-24 08:00:00,26,4381.52
NOPO00009,MISSING_PO_009,VENDOR_042,2025-03-18 00:00:00,74,34051.1
NOPO00010,MISSING_PO_010,VENDOR_048,2025-05-01 16:00:00,94,1668.5
NOPO00011,MISSING_PO_011,VENDOR_042,2025-05-21 08:00:00,20,9003.0
NOPO00012,MISSING_PO_012,VENDOR_041,2025-05-10 08:00:00,93,17652.33
NOPO00013,MISSING_PO_013,VENDOR_023,2025-10-21 00:00:00,64,31636.48
NOPO00014,MISSING_PO_014,VENDOR_001,2025-06-24 16:00:00,85,35598.85
NOPO00015,MISSING_PO_015,VENDOR_019,2025-08-11 08:00:00,99,44839.91
NOPO00016,MISSING_PO_016,VENDOR_031,2025-10-16 16:00:00,96,18040.32
NOPO00017,MISSING_PO_017,VENDOR_040,2025-10-24 08:00:00,83,19034.39
NOPO00018,MISSING_PO_018,VENDOR_027,2025-09-28 08:00:00,40,21548.67
NOPO00019,MISSING_PO_019,VENDOR_011,2025-03-30 08:00:00,86,50669.53
NOPO00020,MISSING_PO_020,VENDOR_010,2025-09-14 00:00:00,59,9701.96
