po_id,vendor_id,po_date,po_quantity,unit_price,po_amount
PO00001,VENDOR_039,2025-01-01 00:00:00,33,271.78,8968.74
PO00002,VENDOR_029,2025-01-01 08:00:00,53,442.44,23449.32
PO00003,VENDOR_015,2025-01-01 16:00:00,22,50.43,1109.46
PO00004,VENDOR_043,2025-01-02 00:00:00,21,414.01,8694.21
PO00005,VENDOR_008,2025-01-02 08:00:00,70,185.32,12972.4
PO00006,VENDOR_021,2025-01-02 16:00:00,70,167.83,11748.1
PO00007,VENDOR_039,2025-01-03 00:00:00,4,488.96,1955.84
PO00008,VENDOR_019,2025-01-03 08:00:00,94,108.42,10191.48
PO00009,VENDOR_023,2025-01-03 16:00:00,75,349.67,26225.25
PO00010,VENDOR_011,2025-01-04 00:00:00,62,412.51,25575.62
PO00011,VENDOR_011,2025-01-04 08:00:00,62,30.18,1871.16
PO00012,VENDOR_024,2025-01-04 16:00:00,94,338.49,31818.06
PO00013,VENDOR_036,2025-01-05 00:00:00,95,476.26,45244.7
PO00014,VENDOR_040,2025-01-05 08:00:00,24,70.87,1700.88
PO00015,VENDOR_024,2025-01-05 16:00:00,55,449.15,24703.25
PO00016,VENDOR_003,2025-01-06 00:00:00,9,301.44,2712.96
PO00017,VENDOR_022,2025-01-06 08:00:00,3,312.14,936.42
PO00018,VENDOR_002,2025-01-06 16:00:00,31,310.34,9620.54
PO00019,VENDOR_024,2025-01-07 00:00:00,40,156.43,6257.2
PO00020,VENDOR_044,2025-01-07 08:00:00,36,468.25,16857.0
PO00021,VENDOR_030,2025-01-07 16:00:00,24,474.2,11380.8
PO00022,VENDOR_038,2025-01-08 00:00:00,95,316.4,30058.0
PO00023,VENDOR_002,2025-01-08 08:00:00,6,393.88,2363.28
PO00024,VENDOR_021,2025-01-08 16:00:00,66,310.01,20460.66
PO00025,VENDOR_033,2025-01-09 00:00:00,84,247.36,20778.24
PO00026,VENDOR_012,2025-01-09 08:00:00,92,333.8,30709.6
PO00027,VENDOR_022,2025-01-09 16:00:00,75,280.97,21072.75
PO00028,VENDOR_044,2025-01-10 00:00:00,4,302.76,1211.04
PO00029,VENDOR_025,2025-01-10 08:00:00,79,394.08,31132.32
PO00030,VENDOR_049,2025-01-10 16:00:00,6,245.64,1473.84
PO00031,VENDOR_027,2025-01-11 00:00:00,94,29.97,2817.18
PO00032,VENDOR_042,2025-01-11 08:00:00,51,90.36,4608.36
PO00033,VENDOR_028,2025-01-11 16:00:00,62,224.92,13945.04
PO00034,VENDOR_016,2025-01-12 00:00:00,57,365.17,20814.69
PO00035,VENDOR_015,2025-01-12 08:00:00,66,300.71,19846.86
PO00036,VENDOR_047,2025-01-12 16:00:00,79,328.64,25962.56
PO00037,VENDOR_044,2025-01-13 00:00:00,75,244.85,18363.75
PO00038,VENDOR_003,2025-01-13 08:00:00,8,311.71,2493.68
PO00039,VENDOR_037,2025-01-13 16:00:00,26,171.22,4451.72
PO00040,VENDOR_007,2025-01-14 00:00:00,51,240.39,12259.89
PO00041,VENDOR_021,2025-01-14 08:00:00,45,374.7,16861.5
PO00042,VENDOR_009,2025-01-14 16:00:00,44,437.2,19236.8
PO00043,VENDOR_039,2025-01-15 00:00:00,5,222.49,1112.45
PO00044,VENDOR_018,2025-01-15 08:00:00,70,31.39,2197.3
PO00045,VENDOR_004,2025-01-15 16:00:00,26,89.22,2319.72
PO00046,VENDOR_025,2025-01-16 00:00:00,68,20.22,1374.96
PO00047,VENDOR_014,2025-01-16 08:00:00,19,330.1,6271.9
PO00048,VENDOR_050,2025-01-16 16:00:00,84,172.83,14517.72
PO00049,VENDOR_009,2025-01-17 00:00:00,97,275.81,26753.57
PO00050,VENDOR_026,2025-01-17 08:00:00,20,251.71,5034.2
PO00051,VENDOR_002,2025-01-17 16:00:00,12,49.95,599.4
PO00052,VENDOR_020,2025-01-18 00:00:00,47,207.6,9757.2
PO00053,VENDOR_028,2025-01-18 08:00:00,1,118.07,118.07
PO00054,VENDOR_047,2025-01-18 16:00:00,90,215.02,19351.8
PO00055,VENDOR_007,2025-01-19 00:00:00,14,109.75,1536.5
PO00056,VENDOR_044,2025-01-19 08:00:00,64,421.82,26996.48
PO00057,VENDOR_008,2025-01-19 16:00:00,38,95.35,3623.3
PO00058,VENDOR_047,2025-01-20 00:00:00,37,480.78,17788.86
PO00059,VENDOR_035,2025-01-20 08:00:00,11,213.79,2351.69
PO00060,VENDOR_014,2025-01-20 16:00:00,100,424.66,42466.0
PO00061,VENDOR_017,2025-01-21 00:00:00,77,318.09,24492.93
PO00062,VENDOR_036,2025-01-21 08:00:00,3,370.32,1110.96
PO00063,VENDOR_050,2025-01-21 16:00:00,33,386.18,12743.94
PO00064,VENDOR_040,2025-01-22 00:00:00,6,257.37,1544.22
PO00065,VENDOR_004,2025-01-22 08:00:00,50,276.22,13811.0
PO00066,VENDOR_002,2025-01-22 16:00:00,10,261.86,2618.6
PO00067,VENDOR_006,2025-01-23 00:00:00,5,298.15,1490.75
PO00068,VENDOR_042,2025-01-23 08:00:00,23,24.4,561.2
PO00069,VENDOR_004,2025-01-23 16:00:00,10,203.8,2038.0
PO00070,VENDOR_029,2025-01-24 00:00:00,44,307.03,13509.32
PO00071,VENDOR_018,2025-01-24 08:00:00,2,302.88,605.76
PO00072,VENDOR_026,2025-01-24 16:00:00,13,398.55,5181.15
PO00073,VENDOR_044,2025-01-25 00:00:00,40,330.95,13238.0
PO00074,VENDOR_034,2025-01-25 08:00:00,2,496.15,992.3
PO00075,VENDOR_010,2025-01-25 16:00:00,84,149.09,12523.56
PO00076,VENDOR_036,2025-01-26 00:00:00,65,185.98,12088.7
PO00077,VENDOR_014,2025-01-26 08:00:00,63,198.09,12479.67
PO00078,VENDOR_031,2025-01-26 16:00:00,73,238.25,17392.25
PO00079,VENDOR_048,2025-01-27 00:00:00,17,419.64,7133.88
PO00080,VENDOR_015,2025-01-27 08:00:00,9,125.54,1129.86
PO00081,VENDOR_008,2025-01-27 16:00:00,75,390.24,29268.0
PO00082,VENDOR_014,2025-01-28 00:00:00,15,208.6,3129.0
PO00083,VENDOR_023,2025-01-28 08:00:00,24,304.91,7317.84
PO00084,VENDOR_040,2025-01-28 16:00:00,38,319.94,12157.72
PO00085,VENDOR_021,2025-01-29 00:00:00,35,192.7,6744.5
PO00086,VENDOR_016,2025-01-29 08:00:00,94,261.18,24550.92
PO00087,VENDOR_045,2025-01-29 16:00:00,95,212.39,20177.05
PO00088,VENDOR_018,2025-01-30 00:00:00,49,43.88,2150.12
PO00089,VENDOR_047,2025-01-30 08:00:00,69,224.21,15470.49
PO00090,VENDOR_024,2025-01-30 16:00:00,62,57.72,3578.64
PO00091,VENDOR_026,2025-01-31 00:00:00,60,208.46,12507.6
PO00092,VENDOR_025,2025-01-31 08:00:00,50,300.53,15026.5
PO00093,VENDOR_045,2025-01-31 16:00:00,78,293.91,22924.98
PO00094,VENDOR_041,2025-02-01 00:00:00,75,334.68,25101.0
PO00095,VENDOR_029,2025-02-01 08:00:00,9,56.68,510.12
PO00096,VENDOR_015,2025-02-01 16:00:00,34,329.54,11204.36
PO00097,VENDOR_045,2025-02-02 00:00:00,76,162.95,12384.2
PO00098,VENDOR_001,2025-02-02 08:00:00,99,205.53,20347.47
PO00099,VENDOR_025,2025-02-02 16:00:00,35,430.41,15064.35
PO00100,VENDOR_007,2025-02-03 00:00:00,1,14.42,14.42
PO00101,VENDOR_009,2025-02-03 08:00:00,40,298.32,11932.8
PO00102,VENDOR_024,2025-02-03 16:00:00,64,303.37,19415.68
PO00103,VENDOR_001,2025-02-04 00:00:00,22,204.36,4495.92
PO00104,VENDOR_044,2025-02-04 08:00:00,60,126.14,7568.4
PO00105,VENDOR_008,2025-02-04 16:00:00,64,124.99,7999.36
PO00106,VENDOR_024,2025-02-05 00:00:00,93,443.02,41200.86
PO00107,VENDOR_011,2025-02-05 08:00:00,72,226.59,16314.48
PO00108,VENDOR_017,2025-02-05 16:00:00,11,172.14,1893.54
PO00109,VENDOR_008,2025-02-06 00:00:00,14,229.9,3218.6
PO00110,VENDOR_035,2025-02-06 08:00:00,60,338.0,20280.0
PO00111,VENDOR_035,2025-02-06 16:00:00,30,81.42,2442.6
PO00112,VENDOR_033,2025-02-07 00:00:00,35,230.22,8057.7
PO00113,VENDOR_005,2025-02-07 08:00:00,85,298.06,25335.1
PO00114,VENDOR_042,2025-02-07 16:00:00,37,474.81,17567.97
PO00115,VENDOR_039,2025-02-08 00:00:00,5,133.74,668.7
PO00116,VENDOR_041,2025-02-08 08:00:00,83,186.03,15440.49
PO00117,VENDOR_028,2025-02-08 16:00:00,78,195.89,15279.42
PO00118,VENDOR_007,2025-02-09 00:00:00,26,306.71,7974.46
PO00119,VENDOR_009,2025-02-09 08:00:00,62,184.8,11457.6
PO00120,VENDOR_008,2025-02-09 16:00:00,4,271.42,1085.68
PO00121,VENDOR_012,2025-02-10 00:00:00,89,393.08,34984.12
PO00122,VENDOR_034,2025-02-10 08:00:00,42,355.64,14936.88
PO00123,VENDOR_033,2025-02-10 16:00:00,89,228.72,20356.08
PO00124,VENDOR_048,2025-02-11 00:00:00,18,433.47,7802.46
PO00125,VENDOR_023,2025-02-11 08:00:00,40,283.49,11339.6
PO00126,VENDOR_024,2025-02-11 16:00:00,72,274.55,19767.6
PO00127,VENDOR_037,2025-02-12 00:00:00,39,26.75,1043.25
PO00128,VENDOR_035,2025-02-12 08:00:00,14,493.48,6908.72
PO00129,VENDOR_044,2025-02-12 16:00:00,32,70.26,2248.32
PO00130,VENDOR_040,2025-02-13 00:00:00,51,123.25,6285.75
PO00131,VENDOR_022,2025-02-13 08:00:00,38,35.33,1342.54
PO00132,VENDOR_027,2025-02-13 16:00:00,97,323.6,31389.2
PO00133,VENDOR_035,2025-02-14 00:00:00,23,120.1,2762.3
PO00134,VENDOR_001,2025-02-14 08:00:00,63,98.21,6187.23
PO00135,VENDOR_035,2025-02-14 16:00:00,15,53.39,800.85
PO00136,VENDOR_037,2025-02-15 00:00:00,97,60.62,5880.14
PO00137,VENDOR_047,2025-02-15 08:00:00,25,296.49,7412.25
PO00138,VENDOR_014,2025-02-15 16:00:00,17,347.22,5902.74
PO00139,VENDOR_003,2025-02-16 00:00:00,97,204.72,19857.84
PO00140,VENDOR_001,2025-02-16 08:00:00,66,245.15,16179.9
PO00141,VENDOR_005,2025-02-16 16:00:00,78,346.12,26997.36
PO00142,VENDOR_026,2025-02-17 00:00:00,53,18.52,981.56
PO00143,VENDOR_014,2025-02-17 08:00:00,51,168.33,8584.83
PO00144,VENDOR_039,2025-02-17 16:00:00,39,486.82,18985.98
PO00145,VENDOR_027,2025-02-18 00:00:00,51,294.25,15006.75
PO00146,VENDOR_009,2025-02-18 08:00:00,70,134.57,9419.9
PO00147,VENDOR_015,2025-02-18 16:00:00,6,265.65,1593.9
PO00148,VENDOR_015,2025-02-19 00:00:00,67,177.9,11919.3
PO00149,VENDOR_026,2025-02-19 08:00:00,7,270.8,1895.6
PO00150,VENDOR_042,2025-02-19 16:00:00,51,71.61,3652.11
PO00151,VENDOR_013,2025-02-20 00:00:00,72,75.03,5402.16
PO00152,VENDOR_032,2025-02-20 08:00:00,42,80.34,3374.28
PO00153,VENDOR_039,2025-02-20 16:00:00,64,470.51,30112.64
PO00154,VENDOR_049,2025-02-21 00:00:00,15,369.12,5536.8
PO00155,VENDOR_032,2025-02-21 08:00:00,29,89.57,2597.53
PO00156,VENDOR_004,2025-02-21 16:00:00,33,102.29,3375.57
PO00157,VENDOR_030,2025-02-22 00:00:00,94,368.11,34602.34
PO00158,VENDOR_037,2025-02-22 08:00:00,27,86.52,2336.04
PO00159,VENDOR_023,2025-02-22 16:00:00,36,124.94,4497.84
PO00160,VENDOR_039,2025-02-23 00:00:00,29,482.04,13979.16
PO00161,VENDOR_045,2025-02-23 08:00:00,38,135.1,5133.8
PO00162,VENDOR_015,2025-02-23 16:00:00,57,334.2,19049.4
PO00163,VENDOR_043,2025-02-24 00:00:00,97,489.53,47484.41
PO00164,VENDOR_029,2025-02-24 08:00:00,27,193.41,5222.07
PO00165,VENDOR_036,2025-02-24 16:00:00,55,18.58,1021.9
PO00166,VENDOR_013,2025-02-25 00:00:00,33,129.63,4277.79
PO00167,VENDOR_032,2025-02-25 08:00:00,68,417.13,28364.84
PO00168,VENDOR_007,2025-02-25 16:00:00,86,433.66,37294.76
PO00169,VENDOR_022,2025-02-26 00:00:00,66,386.57,25513.62
PO00170,VENDOR_028,2025-02-26 08:00:00,10,65.42,654.2
PO00171,VENDOR_002,2025-02-26 16:00:00,5,399.8,1999.0
PO00172,VENDOR_042,2025-02-27 00:00:00,74,460.15,34051.1
PO00173,VENDOR_045,2025-02-27 08:00:00,97,304.3,29517.1
PO00174,VENDOR_006,2025-02-27 16:00:00,38,471.03,17899.14
PO00175,VENDOR_028,2025-02-28 00:00:00,13,415.15,5396.95
PO00176,VENDOR_028,2025-02-28 08:00:00,31,336.82,10441.42
PO00177,VENDOR_044,2025-02-28 16:00:00,47,292.82,13762.54
PO00178,VENDOR_044,2025-03-01 00:00:00,100,180.8,18080.0
PO00179,VENDOR_020,2025-03-01 08:00:00,88,88.05,7748.4
PO00180,VENDOR_030,2025-03-01 16:00:00,52,306.43,15934.36
PO00181,VENDOR_011,2025-03-02 00:00:00,56,165.87,9288.72
PO00182,VENDOR_028,2025-03-02 08:00:00,15,434.55,6518.25
PO00183,VENDOR_025,2025-03-02 16:00:00,29,496.74,14405.46
PO00184,VENDOR_039,2025-03-03 00:00:00,8,378.69,3029.52
PO00185,VENDOR_033,2025-03-03 08:00:00,5,54.34,271.7
PO00186,VENDOR_001,2025-03-03 16:00:00,29,151.46,4392.34
PO00187,VENDOR_027,2025-03-04 00:00:00,47,63.46,2982.62
PO00188,VENDOR_013,2025-03-04 08:00:00,68,328.75,22355.0
PO00189,VENDOR_041,2025-03-04 16:00:00,76,384.94,29255.44
PO00190,VENDOR_003,2025-03-05 00:00:00,45,463.58,20861.1
PO00191,VENDOR_039,2025-03-05 08:00:00,2,224.7,449.4
PO00192,VENDOR_006,2025-03-05 16:00:00,27,451.67,12195.09
PO00193,VENDOR_008,2025-03-06 00:00:00,95,440.17,41816.15
PO00194,VENDOR_027,2025-03-06 08:00:00,36,165.43,5955.48
PO00195,VENDOR_009,2025-03-06 16:00:00,36,435.76,15687.36
PO00196,VENDOR_037,2025-03-07 00:00:00,26,194.08,5046.08
PO00197,VENDOR_033,2025-03-07 08:00:00,43,155.47,6685.21
PO00198,VENDOR_042,2025-03-07 16:00:00,27,328.05,8857.35
PO00199,VENDOR_044,2025-03-08 00:00:00,69,170.91,11792.79
PO00200,VENDOR_024,2025-03-08 08:00:00,20,318.8,6376.0
PO00201,VENDOR_015,2025-03-08 16:00:00,11,308.82,3397.02
PO00202,VENDOR_032,2025-03-09 00:00:00,74,286.09,21170.66
PO00203,VENDOR_032,2025-03-09 08:00:00,38,196.41,7463.58
PO00204,VENDOR_024,2025-03-09 16:00:00,6,278.76,1672.56
PO00205,VENDOR_041,2025-03-10 00:00:00,72,302.28,21764.16
PO00206,VENDOR_049,2025-03-10 08:00:00,23,277.39,6379.97
PO00207,VENDOR_049,2025-03-10 16:00:00,47,227.77,10705.19
PO00208,VENDOR_012,2025-03-11 00:00:00,90,17.19,1547.1
PO00209,VENDOR_039,2025-03-11 08:00:00,46,297.66,13692.36
PO00210,VENDOR_002,2025-03-11 16:00:00,12,92.54,1110.48
PO00211,VENDOR_003,2025-03-12 00:00:00,90,324.86,29237.4
PO00212,VENDOR_049,2025-03-12 08:00:00,13,382.08,4967.04
PO00213,VENDOR_037,2025-03-12 16:00:00,62,255.22,15823.64
PO00214,VENDOR_049,2025-03-13 00:00:00,82,275.76,22612.32
PO00215,VENDOR_017,2025-03-13 08:00:00,89,476.22,42383.58
PO00216,VENDOR_049,2025-03-13 16:00:00,97,425.11,41235.67
PO00217,VENDOR_002,2025-03-14 00:00:00,60,457.98,27478.8
PO00218,VENDOR_002,2025-03-14 08:00:00,43,408.75,17576.25
PO00219,VENDOR_028,2025-03-14 16:00:00,76,63.37,4816.12
PO00220,VENDOR_023,2025-03-15 00:00:00,100,83.01,8301.0
PO00221,VENDOR_037,2025-03-15 08:00:00,68,268.05,18227.4
PO00222,VENDOR_032,2025-03-15 16:00:00,5,130.57,652.85
PO00223,VENDOR_033,2025-03-16 00:00:00,37,243.58,9012.46
PO00224,VENDOR_001,2025-03-16 08:00:00,72,203.24,14633.28
PO00225,VENDOR_019,2025-03-16 16:00:00,92,279.21,25687.32
PO00226,VENDOR_002,2025-03-17 00:00:00,31,375.97,11655.07
PO00227,VENDOR_044,2025-03-17 08:00:00,9,360.59,3245.31
PO00228,VENDOR_026,2025-03-17 16:00:00,51,265.4,13535.4
PO00229,VENDOR_032,2025-03-18 00:00:00,29,412.97,11976.13
PO00230,VENDOR_006,2025-03-18 08:00:00,78,221.12,17247.36
PO00231,VENDOR_032,2025-03-18 16:00:00,40,449.39,17975.6
PO00232,VENDOR_004,2025-03-19 00:00:00,41,44.93,1842.13
PO00233,VENDOR_011,2025-03-19 08:00:00,86,477.78,41089.08
PO00234,VENDOR_017,2025-03-19 16:00:00,11,330.8,3638.8
PO00235,VENDOR_038,2025-03-20 00:00:00,23,196.24,4513.52
PO00236,VENDOR_024,2025-03-20 08:00:00,1,106.61,106.61
PO00237,VENDOR_005,2025-03-20 16:00:00,46,244.8,11260.8
PO00238,VENDOR_034,2025-03-21 00:00:00,21,105.33,2211.93
PO00239,VENDOR_006,2025-03-21 08:00:00,90,91.5,8235.0
PO00240,VENDOR_022,2025-03-21 16:00:00,36,312.5,11250.0
PO00241,VENDOR_011,2025-03-22 00:00:00,54,266.31,14380.74
PO00242,VENDOR_048,2025-03-22 08:00:00,87,338.35,29436.45
PO00243,VENDOR_016,2025-03-22 16:00:00,57,465.51,26534.07
PO00244,VENDOR_033,2025-03-23 00:00:00,1,270.81,270.81
PO00245,VENDOR_009,2025-03-23 08:00:00,63,294.66,18563.58
PO00246,VENDOR_006,2025-03-23 16:00:00,54,53.92,2911.68
PO00247,VENDOR_016,2025-03-24 00:00:00,55,361.64,19890.2
PO00248,VENDOR_029,2025-03-24 08:00:00,40,205.95,8238.0
PO00249,VENDOR_003,2025-03-24 16:00:00,15,488.6,7329.0
PO00250,VENDOR_020,2025-03-25 00:00:00,21,413.36,8680.56
PO00251,VENDOR_036,2025-03-25 08:00:00,47,266.02,12502.94
PO00252,VENDOR_019,2025-03-25 16:00:00,73,70.38,5137.74
PO00253,VENDOR_026,2025-03-26 00:00:00,53,431.11,22848.83
PO00254,VENDOR_003,2025-03-26 08:00:00,9,401.89,3617.01
PO00255,VENDOR_019,2025-03-26 16:00:00,74,100.45,7433.3
PO00256,VENDOR_020,2025-03-27 00:00:00,52,154.69,8043.88
PO00257,VENDOR_032,2025-03-27 08:00:00,57,398.77,22729.89
PO00258,VENDOR_007,2025-03-27 16:00:00,26,100.76,2619.76
PO00259,VENDOR_041,2025-03-28 00:00:00,41,459.7,18847.7
PO00260,VENDOR_033,2025-03-28 08:00:00,35,218.02,7630.7
PO00261,VENDOR_040,2025-03-28 16:00:00,63,52.65,3316.95
PO00262,VENDOR_039,2025-03-29 00:00:00,25,409.72,10243.0
PO00263,VENDOR_018,2025-03-29 08:00:00,90,193.02,17371.8
PO00264,VENDOR_040,2025-03-29 16:00:00,75,267.98,20098.5
PO00265,VENDOR_001,2025-03-30 00:00:00,38,65.03,2471.14
PO00266,VENDOR_011,2025-03-30 08:00:00,2,11.27,22.54
PO00267,VENDOR_028,2025-03-30 16:00:00,7,322.61,2258.27
PO00268,VENDOR_025,2025-03-31 00:00:00,82,262.44,21520.08
PO00269,VENDOR_050,2025-03-31 08:00:00,91,300.83,27375.53
PO00270,VENDOR_023,2025-03-31 16:00:00,34,398.93,13563.62
PO00271,VENDOR_031,2025-04-01 00:00:00,91,326.84,29742.44
PO00272,VENDOR_030,2025-04-01 08:00:00,17,95.64,1625.88
PO00273,VENDOR_042,2025-04-01 16:00:00,43,186.78,8031.54
PO00274,VENDOR_035,2025-04-02 00:00:00,59,453.89,26779.51
PO00275,VENDOR_007,2025-04-02 08:00:00,51,387.27,19750.77
PO00276,VENDOR_016,2025-04-02 16:00:00,54,282.75,15268.5
PO00277,VENDOR_026,2025-04-03 00:00:00,24,135.27,3246.48
PO00278,VENDOR_048,2025-04-03 08:00:00,25,158.01,3950.25
PO00279,VENDOR_049,2025-04-03 16:00:00,71,368.66,26174.86
PO00280,VENDOR_002,2025-04-04 00:00:00,52,427.08,22208.16
PO00281,VENDOR_001,2025-04-04 08:00:00,70,339.0,23730.0
PO00282,VENDOR_048,2025-04-04 16:00:00,88,406.67,35786.96
PO00283,VENDOR_012,2025-04-05 00:00:00,33,385.66,12726.78
PO00284,VENDOR_005,2025-04-05 08:00:00,49,83.35,4084.15
PO00285,VENDOR_037,2025-04-05 16:00:00,29,217.73,6314.17
PO00286,VENDOR_032,2025-04-06 00:00:00,63,84.96,5352.48
PO00287,VENDOR_009,2025-04-06 08:00:00,22,125.27,2755.94
PO00288,VENDOR_041,2025-04-06 16:00:00,26,435.94,11334.44
PO00289,VENDOR_035,2025-04-07 00:00:00,28,241.72,6768.16
PO00290,VENDOR_019,2025-04-07 08:00:00,85,272.33,23148.05
PO00291,VENDOR_048,2025-04-07 16:00:00,49,97.44,4774.56
PO00292,VENDOR_016,2025-04-08 00:00:00,71,163.01,11573.71
PO00293,VENDOR_003,2025-04-08 08:00:00,81,122.82,9948.42
PO00294,VENDOR_020,2025-04-08 16:00:00,84,111.03,9326.52
PO00295,VENDOR_024,2025-04-09 00:00:00,49,322.6,15807.4
PO00296,VENDOR_033,2025-04-09 08:00:00,20,135.87,2717.4
PO00297,VENDOR_024,2025-04-09 16:00:00,86,319.69,27493.34
PO00298,VENDOR_011,2025-04-10 00:00:00,92,38.64,3554.88
PO00299,VENDOR_049,2025-04-10 08:00:00,63,79.47,5006.61
PO00300,VENDOR_008,2025-04-10 16:00:00,61,144.52,8815.72
PO00301,VENDOR_036,2025-04-11 00:00:00,49,302.55,14824.95
PO00302,VENDOR_038,2025-04-11 08:00:00,71,341.16,24222.36
PO00303,VENDOR_040,2025-04-11 16:00:00,1,226.93,226.93
PO00304,VENDOR_020,2025-04-12 00:00:00,96,228.44,21930.24
PO00305,VENDOR_035,2025-04-12 08:00:00,13,365.01,4745.13
PO00306,VENDOR_048,2025-04-12 16:00:00,94,17.75,1668.5
PO00307,VENDOR_025,2025-04-13 00:00:00,87,177.13,15410.31
PO00308,VENDOR_035,2025-04-13 08:00:00,51,411.17,20969.67
PO00309,VENDOR_025,2025-04-13 16:00:00,56,305.58,17112.48
PO00310,VENDOR_029,2025-04-14 00:00:00,83,175.24,14544.92
PO00311,VENDOR_018,2025-04-14 08:00:00,62,453.71,28130.02
PO00312,VENDOR_046,2025-04-14 16:00:00,32,388.59,12434.88
PO00313,VENDOR_018,2025-04-15 00:00:00,30,139.8,4194.0
PO00314,VENDOR_002,2025-04-15 08:00:00,29,326.19,9459.51
PO00315,VENDOR_035,2025-04-15 16:00:00,49,301.92,14794.08
PO00316,VENDOR_016,2025-04-16 00:00:00,45,206.58,9296.1
PO00317,VENDOR_041,2025-04-16 08:00:00,93,189.81,17652.33
PO00318,VENDOR_036,2025-04-16 16:00:00,30,178.34,5350.2
PO00319,VENDOR_033,2025-04-17 00:00:00,16,312.41,4998.56
PO00320,VENDOR_004,2025-04-17 08:00:00,40,226.78,9071.2
PO00321,VENDOR_033,2025-04-17 16:00:00,19,417.61,7934.59
PO00322,VENDOR_014,2025-04-18 00:00:00,18,338.11,6085.98
PO00323,VENDOR_021,2025-04-18 08:00:00,1,44.27,44.27
PO00324,VENDOR_048,2025-04-18 16:00:00,78,323.68,25247.04
PO00325,VENDOR_020,2025-04-19 00:00:00,47,142.86,6714.42
PO00326,VENDOR_008,2025-04-19 08:00:00,66,300.48,19831.68
PO00327,VENDOR_007,2025-04-19 16:00:00,92,343.26,31579.92
PO00328,VENDOR_003,2025-04-20 00:00:00,94,123.11,11572.34
PO00329,VENDOR_017,2025-04-20 08:00:00,38,233.86,8886.68
PO00330,VENDOR_033,2025-04-20 16:00:00,51,103.26,5266.26
PO00331,VENDOR_048,2025-04-21 00:00:00,63,35.65,2245.95
PO00332,VENDOR_012,2025-04-21 08:00:00,4,195.45,781.8
PO00333,VENDOR_022,2025-04-21 16:00:00,1,187.84,187.84
PO00334,VENDOR_022,2025-04-22 00:00:00,8,497.79,3982.32
PO00335,VENDOR_046,2025-04-22 08:00:00,29,228.71,6632.59
PO00336,VENDOR_030,2025-04-22 16:00:00,55,173.45,9539.75
PO00337,VENDOR_038,2025-04-23 00:00:00,3,294.43,883.29
PO00338,VENDOR_038,2025-04-23 08:00:00,32,53.5,1712.0
PO00339,VENDOR_045,2025-04-23 16:00:00,10,481.22,4812.2
PO00340,VENDOR_008,2025-04-24 00:00:00,74,321.13,23763.62
PO00341,VENDOR_027,2025-04-24 08:00:00,83,379.87,31529.21
PO00342,VENDOR_027,2025-04-24 16:00:00,34,93.53,3180.02
PO00343,VENDOR_034,2025-04-25 00:00:00,97,210.64,20432.08
PO00344,VENDOR_021,2025-04-25 08:00:00,87,217.12,18889.44
PO00345,VENDOR_030,2025-04-25 16:00:00,55,412.69,22697.95
PO00346,VENDOR_033,2025-04-26 00:00:00,92,10.61,976.12
PO00347,VENDOR_028,2025-04-26 08:00:00,32,157.42,5037.44
PO00348,VENDOR_047,2025-04-26 16:00:00,50,490.81,24540.5
PO00349,VENDOR_033,2025-04-27 00:00:00,7,242.69,1698.83
PO00350,VENDOR_005,2025-04-27 08:00:00,93,197.44,18361.92
PO00351,VENDOR_048,2025-04-27 16:00:00,8,68.72,549.76
PO00352,VENDOR_019,2025-04-28 00:00:00,65,487.34,31677.1
PO00353,VENDOR_004,2025-04-28 08:00:00,57,19.81,1129.17
PO00354,VENDOR_035,2025-04-28 16:00:00,67,371.22,24871.74
PO00355,VENDOR_049,2025-04-29 00:00:00,88,386.61,34021.68
PO00356,VENDOR_017,2025-04-29 08:00:00,87,129.39,11256.93
PO00357,VENDOR_044,2025-04-29 16:00:00,59,339.06,20004.54
PO00358,VENDOR_028,2025-04-30 00:00:00,72,55.54,3998.88
PO00359,VENDOR_030,2025-04-30 08:00:00,54,135.95,7341.3
PO00360,VENDOR_029,2025-04-30 16:00:00,67,396.07,26536.69
PO00361,VENDOR_046,2025-05-01 00:00:00,51,433.7,22118.7
PO00362,VENDOR_006,2025-05-01 08:00:00,97,308.16,29891.52
PO00363,VENDOR_035,2025-05-01 16:00:00,92,258.35,23768.2
PO00364,VENDOR_041,2025-05-02 00:00:00,8,88.06,704.48
PO00365,VENDOR_037,2025-05-02 08:00:00,34,40.92,1391.28
PO00366,VENDOR_024,2025-05-02 16:00:00,35,67.65,2367.75
PO00367,VENDOR_029,2025-05-03 00:00:00,96,121.41,11655.36
PO00368,VENDOR_049,2025-05-03 08:00:00,88,177.42,15612.96
PO00369,VENDOR_046,2025-05-03 16:00:00,78,196.65,15338.7
PO00370,VENDOR_031,2025-05-04 00:00:00,32,179.7,5750.4
PO00371,VENDOR_035,2025-05-04 08:00:00,46,127.14,5848.44
PO00372,VENDOR_033,2025-05-04 16:00:00,16,259.76,4156.16
PO00373,VENDOR_021,2025-05-05 00:00:00,68,414.39,28178.52
PO00374,VENDOR_032,2025-05-05 08:00:00,37,147.05,5440.85
PO00375,VENDOR_023,2025-05-05 16:00:00,54,471.77,25475.58
PO00376,VENDOR_033,2025-05-06 00:00:00,85,437.93,37224.05
PO00377,VENDOR_003,2025-05-06 08:00:00,14,89.26,1249.64
PO00378,VENDOR_018,2025-05-06 16:00:00,95,395.28,37551.6
PO00379,VENDOR_025,2025-05-07 00:00:00,55,291.55,16035.25
PO00380,VENDOR_042,2025-05-07 08:00:00,48,287.62,13805.76
PO00381,VENDOR_031,2025-05-07 16:00:00,82,201.61,16532.02
PO00382,VENDOR_003,2025-05-08 00:00:00,7,255.56,1788.92
PO00383,VENDOR_040,2025-05-08 08:00:00,74,204.62,15141.88
PO00384,VENDOR_046,2025-05-08 16:00:00,7,274.47,1921.29
PO00385,VENDOR_024,2025-05-09 00:00:00,33,317.7,10484.1
PO00386,VENDOR_050,2025-05-09 08:00:00,23,340.41,7829.43
PO00387,VENDOR_032,2025-05-09 16:00:00,85,270.92,23028.2
PO00388,VENDOR_047,2025-05-10 00:00:00,19,363.5,6906.5
PO00389,VENDOR_022,2025-05-10 08:00:00,19,79.23,1505.37
PO00390,VENDOR_023,2025-05-10 16:00:00,36,113.87,4099.32
PO00391,VENDOR_002,2025-05-11 00:00:00,29,411.18,11924.22
PO00392,VENDOR_027,2025-05-11 08:00:00,60,168.04,10082.4
PO00393,VENDOR_042,2025-05-11 16:00:00,82,21.22,1740.04
PO00394,VENDOR_002,2025-05-12 00:00:00,2,85.36,170.72
PO00395,VENDOR_026,2025-05-12 08:00:00,1,119.57,119.57
PO00396,VENDOR_017,2025-05-12 16:00:00,47,479.09,22517.23
PO00397,VENDOR_040,2025-05-13 00:00:00,69,290.79,20064.51
PO00398,VENDOR_033,2025-05-13 08:00:00,20,467.04,9340.8
PO00399,VENDOR_009,2025-05-13 16:00:00,11,291.83,3210.13
PO00400,VENDOR_043,2025-05-14 00:00:00,2,244.88,489.76
PO00401,VENDOR_048,2025-05-14 08:00:00,67,163.73,10969.91
PO00402,VENDOR_039,2025-05-14 16:00:00,87,307.12,26719.44
PO00403,VENDOR_029,2025-05-15 00:00:00,12,78.21,938.52
PO00404,VENDOR_042,2025-05-15 08:00:00,20,450.15,9003.0
PO00405,VENDOR_026,2025-05-15 16:00:00,5,416.37,2081.85
PO00406,VENDOR_035,2025-05-16 00:00:00,37,165.59,6126.83
PO00407,VENDOR_050,2025-05-16 08:00:00,38,476.87,18121.06
PO00408,VENDOR_025,2025-05-16 16:00:00,94,414.35,38948.9
PO00409,VENDOR_024,2025-05-17 00:00:00,9,336.49,3028.41
PO00410,VENDOR_013,2025-05-17 08:00:00,98,69.66,6826.68
PO00411,VENDOR_007,2025-05-17 16:00:00,53,244.33,12949.49
PO00412,VENDOR_036,2025-05-18 00:00:00,44,257.99,11351.56
PO00413,VENDOR_045,2025-05-18 08:00:00,99,123.95,12271.05
PO00414,VENDOR_020,2025-05-18 16:00:00,86,49.18,4229.48
PO00415,VENDOR_001,2025-05-19 00:00:00,24,390.59,9374.16
PO00416,VENDOR_008,2025-05-19 08:00:00,81,69.8,5653.8
PO00417,VENDOR_046,2025-05-19 16:00:00,74,301.2,22288.8
PO00418,VENDOR_016,2025-05-20 00:00:00,30,468.86,14065.8
PO00419,VENDOR_014,2025-05-20 08:00:00,59,439.29,25918.11
PO00420,VENDOR_012,2025-05-20 16:00:00,87,146.1,12710.7
PO00421,VENDOR_023,2025-05-21 00:00:00,96,427.21,41012.16
PO00422,VENDOR_015,2025-05-21 08:00:00,81,10.16,822.96
PO00423,VENDOR_028,2025-05-21 16:00:00,81,18.67,1512.27
PO00424,VENDOR_034,2025-05-22 00:00:00,14,305.25,4273.5
PO00425,VENDOR_002,2025-05-22 08:00:00,9,188.75,1698.75
PO00426,VENDOR_032,2025-05-22 16:00:00,40,199.37,7974.8
PO00427,VENDOR_023,2025-05-23 00:00:00,66,286.58,18914.28
PO00428,VENDOR_022,2025-05-23 08:00:00,25,103.97,2599.25
PO00429,VENDOR_025,2025-05-23 16:00:00,73,113.76,8304.48
PO00430,VENDOR_022,2025-05-24 00:00:00,22,247.45,5443.9
PO00431,VENDOR_022,2025-05-24 08:00:00,4,379.58,1518.32
PO00432,VENDOR_049,2025-05-24 16:00:00,26,313.55,8152.3
PO00433,VENDOR_042,2025-05-25 00:00:00,58,155.7,9030.6
PO00434,VENDOR_006,2025-05-25 08:00:00,29,220.87,6405.23
PO00435,VENDOR_015,2025-05-25 16:00:00,98,93.63,9175.74
PO00436,VENDOR_043,2025-05-26 00:00:00,87,46.57,4051.59
PO00437,VENDOR_037,2025-05-26 08:00:00,37,393.52,14560.24
PO00438,VENDOR_033,2025-05-26 16:00:00,75,140.04,10503.0
PO00439,VENDOR_008,2025-05-27 00:00:00,70,97.11,6797.7
PO00440,VENDOR_044,2025-05-27 08:00:00,18,348.89,6280.02
PO00441,VENDOR_044,2025-05-27 16:00:00,85,312.85,26592.25
PO00442,VENDOR_005,2025-05-28 00:00:00,42,320.26,13450.92
PO00443,VENDOR_039,2025-05-28 08:00:00,100,122.16,12216.0
PO00444,VENDOR_004,2025-05-28 16:00:00,41,124.0,5084.0
PO00445,VENDOR_006,2025-05-29 00:00:00,38,118.19,4491.22
PO00446,VENDOR_045,2025-05-29 08:00:00,34,95.14,3234.76
PO00447,VENDOR_032,2025-05-29 16:00:00,17,331.3,5632.1
PO00448,VENDOR_030,2025-05-30 00:00:00,37,425.53,15744.61
PO00449,VENDOR_047,2025-05-30 08:00:00,25,364.92,9123.0
PO00450,VENDOR_035,2025-05-30 16:00:00,76,398.13,30257.88
PO00451,VENDOR_040,2025-05-31 00:00:00,87,208.35,18126.45
PO00452,VENDOR_016,2025-05-31 08:00:00,86,330.5,28423.0
PO00453,VENDOR_013,2025-05-31 16:00:00,85,183.58,15604.3
PO00454,VENDOR_050,2025-06-01 00:00:00,27,267.5,7222.5
PO00455,VENDOR_042,2025-06-01 08:00:00,57,246.0,14022.0
PO00456,VENDOR_030,2025-06-01 16:00:00,31,96.67,2996.77
PO00457,VENDOR_019,2025-06-02 00:00:00,6,199.67,1198.02
PO00458,VENDOR_017,2025-06-02 08:00:00,91,482.27,43886.57
PO00459,VENDOR_019,2025-06-02 16:00:00,40,131.8,5272.0
PO00460,VENDOR_028,2025-06-03 00:00:00,98,75.56,7404.88
PO00461,VENDOR_026,2025-06-03 08:00:00,12,215.1,2581.2
PO00462,VENDOR_037,2025-06-03 16:00:00,53,397.27,21055.31
PO00463,VENDOR_026,2025-06-04 00:00:00,71,295.25,20962.75
PO00464,VENDOR_023,2025-06-04 08:00:00,10,343.68,3436.8
PO00465,VENDOR_009,2025-06-04 16:00:00,45,102.95,4632.75
PO00466,VENDOR_012,2025-06-05 00:00:00,17,313.28,5325.76
PO00467,VENDOR_001,2025-06-05 08:00:00,26,168.52,4381.52
PO00468,VENDOR_001,2025-06-05 16:00:00,85,418.81,35598.85
PO00469,VENDOR_047,2025-06-06 00:00:00,92,318.36,29289.12
PO00470,VENDOR_034,2025-06-06 08:00:00,62,107.44,6661.28
PO00471,VENDOR_032,2025-06-06 16:00:00,46,41.66,1916.36
PO00472,VENDOR_048,2025-06-07 00:00:00,64,30.89,1976.96
PO00473,VENDOR_025,2025-06-07 08:00:00,2,191.99,383.98
PO00474,VENDOR_040,2025-06-07 16:00:00,54,140.27,7574.58
PO00475,VENDOR_045,2025-06-08 00:00:00,65,326.58,21227.7
PO00476,VENDOR_001,2025-06-08 08:00:00,51,254.67,12988.17
PO00477,VENDOR_016,2025-06-08 16:00:00,53,140.35,7438.55
PO00478,VENDOR_039,2025-06-09 00:00:00,36,83.13,2992.68
PO00479,VENDOR_005,2025-06-09 08:00:00,26,72.33,1880.58
PO00480,VENDOR_022,2025-06-09 16:00:00,29,433.68,12576.72
PO00481,VENDOR_029,2025-06-10 00:00:00,21,129.3,2715.3
PO00482,VENDOR_003,2025-06-10 08:00:00,11,329.34,3622.74
PO00483,VENDOR_012,2025-06-10 16:00:00,40,407.24,16289.6
PO00484,VENDOR_026,2025-06-11 00:00:00,11,310.9,3419.9
PO00485,VENDOR_016,2025-06-11 08:00:00,36,431.19,15522.84
PO00486,VENDOR_037,2025-06-11 16:00:00,59,202.27,11933.93
PO00487,VENDOR_022,2025-06-12 00:00:00,39,478.55,18663.45
PO00488,VENDOR_029,2025-06-12 08:00:00,99,75.24,7448.76
PO00489,VENDOR_014,2025-06-12 16:00:00,54,60.05,3242.7
PO00490,VENDOR_028,2025-06-13 00:00:00,98,332.76,32610.48
PO00491,VENDOR_005,2025-06-13 08:00:00,55,471.99,25959.45
PO00492,VENDOR_047,2025-06-13 16:00:00,24,406.35,9752.4
PO00493,VENDOR_049,2025-06-14 00:00:00,22,47.44,1043.68
PO00494,VENDOR_030,2025-06-14 08:00:00,69,146.89,10135.41
PO00495,VENDOR_046,2025-06-14 16:00:00,56,465.86,26088.16
PO00496,VENDOR_005,2025-06-15 00:00:00,33,134.0,4422.0
PO00497,VENDOR_012,2025-06-15 08:00:00,36,392.77,14139.72
PO00498,VENDOR_016,2025-06-15 16:00:00,20,414.31,8286.2
PO00499,VENDOR_026,2025-06-16 00:00:00,83,252.77,20979.91
PO00500,VENDOR_026,2025-06-16 08:00:00,99,199.31,19731.69
PO00501,VENDOR_048,2025-06-16 16:00:00,81,230.56,18675.36
PO00502,VENDOR_021,2025-06-17 00:00:00,62,121.21,7515.02
PO00503,VENDOR_039,2025-06-17 08:00:00,98,445.8,43688.4
PO00504,VENDOR_036,2025-06-17 16:00:00,73,230.8,16848.4
PO00505,VENDOR_033,2025-06-18 00:00:00,26,442.41,11502.66
PO00506,VENDOR_030,2025-06-18 08:00:00,66,61.79,4078.14
PO00507,VENDOR_037,2025-06-18 16:00:00,73,494.25,36080.25
PO00508,VENDOR_023,2025-06-19 00:00:00,73,227.2,16585.6
PO00509,VENDOR_010,2025-06-19 08:00:00,40,33.44,1337.6
PO00510,VENDOR_005,2025-06-19 16:00:00,17,28.63,486.71
PO00511,VENDOR_036,2025-06-20 00:00:00,1,375.64,375.64
PO00512,VENDOR_034,2025-06-20 08:00:00,89,332.93,29630.77
PO00513,VENDOR_031,2025-06-20 16:00:00,61,403.04,24585.44
PO00514,VENDOR_010,2025-06-21 00:00:00,43,61.63,2650.09
PO00515,VENDOR_019,2025-06-21 08:00:00,42,27.43,1152.06
PO00516,VENDOR_032,2025-06-21 16:00:00,25,259.2,6480.0
PO00517,VENDOR_001,2025-06-22 00:00:00,39,199.92,7796.88
PO00518,VENDOR_005,2025-06-22 08:00:00,35,236.35,8272.25
PO00519,VENDOR_045,2025-06-22 16:00:00,3,495.88,1487.64
PO00520,VENDOR_004,2025-06-23 00:00:00,44,485.67,21369.48
PO00521,VENDOR_016,2025-06-23 08:00:00,51,471.73,24058.23
PO00522,VENDOR_024,2025-06-23 16:00:00,94,394.08,37043.52
PO00523,VENDOR_016,2025-06-24 00:00:00,98,183.87,18019.26
PO00524,VENDOR_002,2025-06-24 08:00:00,12,211.94,2543.28
PO00525,VENDOR_049,2025-06-24 16:00:00,19,279.31,5306.89
PO00526,VENDOR_028,2025-06-25 00:00:00,44,416.96,18346.24
PO00527,VENDOR_032,2025-06-25 08:00:00,59,43.67,2576.53
PO00528,VENDOR_027,2025-06-25 16:00:00,49,217.91,10677.59
PO00529,VENDOR_020,2025-06-26 00:00:00,61,50.48,3079.28
PO00530,VENDOR_024,2025-06-26 08:00:00,17,262.18,4457.06
PO00531,VENDOR_012,2025-06-26 16:00:00,74,450.46,33334.04
PO00532,VENDOR_050,2025-06-27 00:00:00,57,393.42,22424.94
PO00533,VENDOR_035,2025-06-27 08:00:00,55,121.64,6690.2
PO00534,VENDOR_033,2025-06-27 16:00:00,47,488.24,22947.28
PO00535,VENDOR_033,2025-06-28 00:00:00,12,337.0,4044.0
PO00536,VENDOR_043,2025-06-28 08:00:00,62,15.11,936.82
PO00537,VENDOR_037,2025-06-28 16:00:00,80,135.15,10812.0
PO00538,VENDOR_012,2025-06-29 00:00:00,88,137.75,12122.0
PO00539,VENDOR_003,2025-06-29 08:00:00,83,43.93,3646.19
PO00540,VENDOR_001,2025-06-29 16:00:00,8,480.31,3842.48
PO00541,VENDOR_033,2025-06-30 00:00:00,95,244.35,23213.25
PO00542,VENDOR_040,2025-06-30 08:00:00,21,448.95,9427.95
PO00543,VENDOR_010,2025-06-30 16:00:00,81,167.89,13599.09
PO00544,VENDOR_043,2025-07-01 00:00:00,87,71.36,6208.32
PO00545,VENDOR_044,2025-07-01 08:00:00,80,242.42,19393.6
PO00546,VENDOR_029,2025-07-01 16:00:00,70,65.84,4608.8
PO00547,VENDOR_013,2025-07-02 00:00:00,72,248.15,17866.8
PO00548,VENDOR_012,2025-07-02 08:00:00,25,460.95,11523.75
PO00549,VENDOR_031,2025-07-02 16:00:00,82,265.18,21744.76
PO00550,VENDOR_046,2025-07-03 00:00:00,89,312.08,27775.12
PO00551,VENDOR_002,2025-07-03 08:00:00,12,86.75,1041.0
PO00552,VENDOR_050,2025-07-03 16:00:00,15,31.43,471.45
PO00553,VENDOR_035,2025-07-04 00:00:00,59,64.3,3793.7
PO00554,VENDOR_023,2025-07-04 08:00:00,26,303.28,7885.28
PO00555,VENDOR_017,2025-07-04 16:00:00,26,56.56,1470.56
PO00556,VENDOR_026,2025-07-05 00:00:00,47,194.24,9129.28
PO00557,VENDOR_008,2025-07-05 08:00:00,32,279.55,8945.6
PO00558,VENDOR_029,2025-07-05 16:00:00,10,200.44,2004.4
PO00559,VENDOR_026,2025-07-06 00:00:00,16,90.21,1443.36
PO00560,VENDOR_010,2025-07-06 08:00:00,71,144.16,10235.36
PO00561,VENDOR_026,2025-07-06 16:00:00,17,464.88,7902.96
PO00562,VENDOR_034,2025-07-07 00:00:00,23,341.23,7848.29
PO00563,VENDOR_041,2025-07-07 08:00:00,26,253.06,6579.56
PO00564,VENDOR_007,2025-07-07 16:00:00,85,16.23,1379.55
PO00565,VENDOR_004,2025-07-08 00:00:00,86,496.28,42680.08
PO00566,VENDOR_050,2025-07-08 08:00:00,7,339.01,2373.07
PO00567,VENDOR_045,2025-07-08 16:00:00,14,165.29,2314.06
PO00568,VENDOR_011,2025-07-09 00:00:00,79,440.84,34826.36
PO00569,VENDOR_029,2025-07-09 08:00:00,7,136.63,956.41
PO00570,VENDOR_036,2025-07-09 16:00:00,9,276.57,2489.13
PO00571,VENDOR_025,2025-07-10 00:00:00,48,321.67,15440.16
PO00572,VENDOR_021,2025-07-10 08:00:00,72,118.32,8519.04
PO00573,VENDOR_036,2025-07-10 16:00:00,59,489.41,28875.19
PO00574,VENDOR_010,2025-07-11 00:00:00,87,376.61,32765.07
PO00575,VENDOR_037,2025-07-11 08:00:00,93,283.33,26349.69
PO00576,VENDOR_009,2025-07-11 16:00:00,82,98.49,8076.18
PO00577,VENDOR_024,2025-07-12 00:00:00,95,36.39,3457.05
PO00578,VENDOR_035,2025-07-12 08:00:00,94,166.83,15682.02
PO00579,VENDOR_049,2025-07-12 16:00:00,39,379.06,14783.34
PO00580,VENDOR_035,2025-07-13 00:00:00,99,141.97,14055.03
PO00581,VENDOR_048,2025-07-13 08:00:00,18,274.38,4938.84
PO00582,VENDOR_036,2025-07-13 16:00:00,59,366.69,21634.71
PO00583,VENDOR_018,2025-07-14 00:00:00,17,62.89,1069.13
PO00584,VENDOR_049,2025-07-14 08:00:00,14,345.8,4841.2
PO00585,VENDOR_039,2025-07-14 16:00:00,31,55.02,1705.62
PO00586,VENDOR_032,2025-07-15 00:00:00,24,482.91,11589.84
PO00587,VENDOR_024,2025-07-15 08:00:00,99,249.31,24681.69
PO00588,VENDOR_023,2025-07-15 16:00:00,60,83.83,5029.8
PO00589,VENDOR_032,2025-07-16 00:00:00,45,177.77,7999.65
PO00590,VENDOR_037,2025-07-16 08:00:00,98,212.57,20831.86
PO00591,VENDOR_012,2025-07-16 16:00:00,3,381.51,1144.53
PO00592,VENDOR_049,2025-07-17 00:00:00,37,374.28,13848.36
PO00593,VENDOR_013,2025-07-17 08:00:00,43,309.85,13323.55
PO00594,VENDOR_023,2025-07-17 16:00:00,40,61.91,2476.4
PO00595,VENDOR_025,2025-07-18 00:00:00,90,84.27,7584.3
PO00596,VENDOR_035,2025-07-18 08:00:00,55,55.94,3076.7
PO00597,VENDOR_041,2025-07-18 16:00:00,87,292.81,25474.47
PO00598,VENDOR_030,2025-07-19 00:00:00,39,439.8,17152.2
PO00599,VENDOR_017,2025-07-19 08:00:00,15,222.56,3338.4
PO00600,VENDOR_049,2025-07-19 16:00:00,4,88.82,355.28
PO00601,VENDOR_020,2025-07-20 00:00:00,93,283.44,26359.92
PO00602,VENDOR_048,2025-07-20 08:00:00,86,407.76,35067.36
PO00603,VENDOR_025,2025-07-20 16:00:00,25,373.44,9336.0
PO00604,VENDOR_022,2025-07-21 00:00:00,13,441.91,5744.83
PO00605,VENDOR_013,2025-07-21 08:00:00,82,146.17,11985.94
PO00606,VENDOR_019,2025-07-21 16:00:00,33,105.04,3466.32
PO00607,VENDOR_049,2025-07-22 00:00:00,16,441.11,7057.76
PO00608,VENDOR_036,2025-07-22 08:00:00,42,332.2,13952.4
PO00609,VENDOR_012,2025-07-22 16:00:00,66,162.36,10715.76
PO00610,VENDOR_041,2025-07-23 00:00:00,55,373.75,20556.25
PO00611,VENDOR_019,2025-07-23 08:00:00,99,409.41,40531.59
PO00612,VENDOR_012,2025-07-23 16:00:00,42,311.34,13076.28
PO00613,VENDOR_009,2025-07-24 00:00:00,34,347.06,11800.04
PO00614,VENDOR_007,2025-07-24 08:00:00,30,193.88,5816.4
PO00615,VENDOR_028,2025-07-24 16:00:00,13,273.96,3561.48
PO00616,VENDOR_014,2025-07-25 00:00:00,13,266.84,3468.92
PO00617,VENDOR_031,2025-07-25 08:00:00,18,425.54,7659.72
PO00618,VENDOR_019,2025-07-25 16:00:00,32,421.58,13490.56
PO00619,VENDOR_047,2025-07-26 00:00:00,96,418.01,40128.96
PO00620,VENDOR_016,2025-07-26 08:00:00,99,15.41,1525.59
PO00621,VENDOR_005,2025-07-26 16:00:00,39,377.28,14713.92
PO00622,VENDOR_035,2025-07-27 00:00:00,46,381.75,17560.5
PO00623,VENDOR_012,2025-07-27 08:00:00,29,342.41,9929.89
PO00624,VENDOR_025,2025-07-27 16:00:00,62,380.57,23595.34
PO00625,VENDOR_021,2025-07-28 00:00:00,93,422.57,39299.01
PO00626,VENDOR_036,2025-07-28 08:00:00,62,240.46,14908.52
PO00627,VENDOR_023,2025-07-28 16:00:00,57,256.0,14592.0
PO00628,VENDOR_016,2025-07-29 00:00:00,16,71.11,1137.76
PO00629,VENDOR_039,2025-07-29 08:00:00,56,198.83,11134.48
PO00630,VENDOR_045,2025-07-29 16:00:00,10,325.25,3252.5
PO00631,VENDOR_042,2025-07-30 00:00:00,30,392.4,11772.0
PO00632,VENDOR_039,2025-07-30 08:00:00,25,116.43,2910.75
PO00633,VENDOR_014,2025-07-30 16:00:00,84,77.53,6512.52
PO00634,VENDOR_031,2025-07-31 00:00:00,5,334.89,1674.45
PO00635,VENDOR_005,2025-07-31 08:00:00,65,10.92,709.8
PO00636,VENDOR_035,2025-07-31 16:00:00,94,97.4,9155.6
PO00637,VENDOR_023,2025-08-01 00:00:00,49,24.24,1187.76
PO00638,VENDOR_029,2025-08-01 08:00:00,3,91.77,275.31
PO00639,VENDOR_043,2025-08-01 16:00:00,45,98.85,4448.25
PO00640,VENDOR_011,2025-08-02 00:00:00,14,199.96,2799.44
PO00641,VENDOR_018,2025-08-02 08:00:00,30,207.14,6214.2
PO00642,VENDOR_047,2025-08-02 16:00:00,68,438.39,29810.52
PO00643,VENDOR_012,2025-08-03 00:00:00,18,259.95,4679.1
PO00644,VENDOR_009,2025-08-03 08:00:00,62,364.47,22597.14
PO00645,VENDOR_010,2025-08-03 16:00:00,37,61.03,2258.11
PO00646,VENDOR_044,2025-08-04 00:00:00,25,120.46,3011.5
PO00647,VENDOR_017,2025-08-04 08:00:00,48,354.44,17013.12
PO00648,VENDOR_038,2025-08-04 16:00:00,65,35.87,2331.55
PO00649,VENDOR_007,2025-08-05 00:00:00,53,248.43,13166.79
PO00650,VENDOR_046,2025-08-05 08:00:00,79,303.69,23991.51
PO00651,VENDOR_013,2025-08-05 16:00:00,73,305.05,22268.65
PO00652,VENDOR_040,2025-08-06 00:00:00,15,21.24,318.6
PO00653,VENDOR_042,2025-08-06 08:00:00,49,167.83,8223.67
PO00654,VENDOR_009,2025-08-06 16:00:00,88,321.88,28325.44
PO00655,VENDOR_050,2025-08-07 00:00:00,68,83.01,5644.68
PO00656,VENDOR_027,2025-08-07 08:00:00,12,350.75,4209.0
PO00657,VENDOR_002,2025-08-07 16:00:00,59,375.5,22154.5
PO00658,VENDOR_005,2025-08-08 00:00:00,37,491.16,18172.92
PO00659,VENDOR_029,2025-08-08 08:00:00,61,112.82,6882.02
PO00660,VENDOR_037,2025-08-08 16:00:00,43,414.31,17815.33
PO00661,VENDOR_038,2025-08-09 00:00:00,70,264.95,18546.5
PO00662,VENDOR_019,2025-08-09 08:00:00,39,193.0,7527.0
PO00663,VENDOR_008,2025-08-09 16:00:00,56,69.96,3917.76
PO00664,VENDOR_048,2025-08-10 00:00:00,63,370.4,23335.2
PO00665,VENDOR_045,2025-08-10 08:00:00,46,125.57,5776.22
PO00666,VENDOR_001,2025-08-10 16:00:00,88,192.0,16896.0
PO00667,VENDOR_022,2025-08-11 00:00:00,11,40.65,447.15
PO00668,VENDOR_017,2025-08-11 08:00:00,62,402.67,24965.54
PO00669,VENDOR_007,2025-08-11 16:00:00,77,385.63,29693.51
PO00670,VENDOR_025,2025-08-12 00:00:00,98,369.47,36208.06
PO00671,VENDOR_045,2025-08-12 08:00:00,25,156.73,3918.25
PO00672,VENDOR_004,2025-08-12 16:00:00,71,95.01,6745.71
PO00673,VENDOR_036,2025-08-13 00:00:00,52,322.4,16764.8
PO00674,VENDOR_006,2025-08-13 08:00:00,4,253.12,1012.48
PO00675,VENDOR_031,2025-08-13 16:00:00,59,97.34,5743.06
PO00676,VENDOR_019,2025-08-14 00:00:00,72,346.1,24919.2
PO00677,VENDOR_044,2025-08-14 08:00:00,20,495.65,9913.0
PO00678,VENDOR_039,2025-08-14 16:00:00,93,376.14,34981.02
PO00679,VENDOR_027,2025-08-15 00:00:00,63,372.59,23473.17
PO00680,VENDOR_010,2025-08-15 08:00:00,54,475.65,25685.1
PO00681,VENDOR_026,2025-08-15 16:00:00,74,109.44,8098.56
PO00682,VENDOR_019,2025-08-16 00:00:00,98,287.12,28137.76
PO00683,VENDOR_039,2025-08-16 08:00:00,57,490.03,27931.71
PO00684,VENDOR_003,2025-08-16 16:00:00,90,90.99,8189.1
PO00685,VENDOR_045,2025-08-17 00:00:00,41,353.12,14477.92
PO00686,VENDOR_013,2025-08-17 08:00:00,3,297.05,891.15
PO00687,VENDOR_050,2025-08-17 16:00:00,6,297.37,1784.22
PO00688,VENDOR_028,2025-08-18 00:00:00,5,351.86,1759.3
PO00689,VENDOR_020,2025-08-18 08:00:00,5,465.51,2327.55
PO00690,VENDOR_028,2025-08-18 16:00:00,54,393.47,21247.38
PO00691,VENDOR_008,2025-08-19 00:00:00,47,37.51,1762.97
PO00692,VENDOR_041,2025-08-19 08:00:00,87,427.84,37222.08
PO00693,VENDOR_039,2025-08-19 16:00:00,49,120.52,5905.48
PO00694,VENDOR_001,2025-08-20 00:00:00,9,194.69,1752.21
PO00695,VENDOR_003,2025-08-20 08:00:00,99,236.25,23388.75
PO00696,VENDOR_013,2025-08-20 16:00:00,20,245.64,4912.8
PO00697,VENDOR_028,2025-08-21 00:00:00,61,223.24,13617.64
PO00698,VENDOR_049,2025-08-21 08:00:00,35,469.3,16425.5
PO00699,VENDOR_025,2025-08-21 16:00:00,50,355.95,17797.5
PO00700,VENDOR_033,2025-08-22 00:00:00,82,319.27,26180.14
PO00701,VENDOR_038,2025-08-22 08:00:00,62,34.42,2134.04
PO00702,VENDOR_006,2025-08-22 16:00:00,17,452.92,7699.64
PO00703,VENDOR_044,2025-08-23 00:00:00,88,455.6,40092.8
PO00704,VENDOR_045,2025-08-23 08:00:00,3,392.3,1176.9
PO00705,VENDOR_032,2025-08-23 16:00:00,32,13.44,430.08
PO00706,VENDOR_045,2025-08-24 00:00:00,99,38.07,3768.93
PO00707,VENDOR_047,2025-08-24 08:00:00,13,120.36,1564.68
PO00708,VENDOR_021,2025-08-24 16:00:00,89,74.36,6618.04
PO00709,VENDOR_016,2025-08-25 00:00:00,73,205.43,14996.39
PO00710,VENDOR_021,2025-08-25 08:00:00,68,462.09,31422.12
PO00711,VENDOR_011,2025-08-25 16:00:00,14,241.31,3378.34
PO00712,VENDOR_037,2025-08-26 00:00:00,98,16.57,1623.86
PO00713,VENDOR_036,2025-08-26 08:00:00,11,148.55,1634.05
PO00714,VENDOR_035,2025-08-26 16:00:00,56,31.85,1783.6
PO00715,VENDOR_019,2025-08-27 00:00:00,67,27.78,1861.26
PO00716,VENDOR_020,2025-08-27 08:00:00,92,145.1,13349.2
PO00717,VENDOR_018,2025-08-27 16:00:00,29,145.05,4206.45
PO00718,VENDOR_047,2025-08-28 00:00:00,9,395.69,3561.21
PO00719,VENDOR_041,2025-08-28 08:00:00,67,487.67,32673.89
PO00720,VENDOR_049,2025-08-28 16:00:00,25,191.89,4797.25
PO00721,VENDOR_014,2025-08-29 00:00:00,98,220.15,21574.7
PO00722,VENDOR_015,2025-08-29 08:00:00,76,423.95,32220.2
PO00723,VENDOR_031,2025-08-29 16:00:00,42,141.39,5938.38
PO00724,VENDOR_001,2025-08-30 00:00:00,9,86.63,779.67
PO00725,VENDOR_003,2025-08-30 08:00:00,79,428.01,33812.79
PO00726,VENDOR_016,2025-08-30 16:00:00,40,32.79,1311.6
PO00727,VENDOR_023,2025-08-31 00:00:00,25,313.65,7841.25
PO00728,VENDOR_011,2025-08-31 08:00:00,5,285.38,1426.9
PO00729,VENDOR_012,2025-08-31 16:00:00,11,179.5,1974.5
PO00730,VENDOR_010,2025-09-01 00:00:00,59,164.44,9701.96
PO00731,VENDOR_032,2025-09-01 08:00:00,98,388.21,38044.58
PO00732,VENDOR_016,2025-09-01 16:00:00,88,52.35,4606.8
PO00733,VENDOR_008,2025-09-02 00:00:00,79,126.02,9955.58
PO00734,VENDOR_038,2025-09-02 08:00:00,38,368.9,14018.2
PO00735,VENDOR_012,2025-09-02 16:00:00,72,278.68,20064.96
PO00736,VENDOR_024,2025-09-03 00:00:00,5,72.71,363.55
PO00737,VENDOR_028,2025-09-03 08:00:00,48,442.25,21228.0
PO00738,VENDOR_008,2025-09-03 16:00:00,90,202.79,18251.1
PO00739,VENDOR_028,2025-09-04 00:00:00,18,415.66,7481.88
PO00740,VENDOR_036,2025-09-04 08:00:00,70,395.98,27718.6
PO00741,VENDOR_026,2025-09-04 16:00:00,37,315.97,11690.89
PO00742,VENDOR_008,2025-09-05 00:00:00,60,252.3,15138.0
PO00743,VENDOR_050,2025-09-05 08:00:00,48,489.98,23519.04
PO00744,VENDOR_028,2025-09-05 16:00:00,77,81.03,6239.31
PO00745,VENDOR_028,2025-09-06 00:00:00,28,365.33,10229.24
PO00746,VENDOR_037,2025-09-06 08:00:00,69,103.68,7153.92
PO00747,VENDOR_041,2025-09-06 16:00:00,77,175.75,13532.75
PO00748,VENDOR_036,2025-09-07 00:00:00,81,161.26,13062.06
PO00749,VENDOR_027,2025-09-07 08:00:00,40,474.05,18962.0
PO00750,VENDOR_017,2025-09-07 16:00:00,45,484.0,21780.0
PO00751,VENDOR_009,2025-09-08 00:00:00,96,99.68,9569.28
PO00752,VENDOR_033,2025-09-08 08:00:00,62,20.8,1289.6
PO00753,VENDOR_020,2025-09-08 16:00:00,93,362.8,33740.4
PO00754,VENDOR_013,2025-09-09 00:00:00,58,214.82,12459.56
PO00755,VENDOR_028,2025-09-09 08:00:00,67,53.53,3586.51
PO00756,VENDOR_048,2025-09-09 16:00:00,56,345.04,19322.24
PO00757,VENDOR_029,2025-09-10 00:00:00,40,277.1,11084.0
PO00758,VENDOR_013,2025-09-10 08:00:00,98,490.45,48064.1
PO00759,VENDOR_046,2025-09-10 16:00:00,40,121.43,4857.2
PO00760,VENDOR_035,2025-09-11 00:00:00,91,207.95,18923.45
PO00761,VENDOR_006,2025-09-11 08:00:00,77,275.85,21240.45
PO00762,VENDOR_018,2025-09-11 16:00:00,33,397.93,13131.69
PO00763,VENDOR_005,2025-09-12 00:00:00,6,278.93,1673.58
PO00764,VENDOR_047,2025-09-12 08:00:00,88,310.32,27308.16
PO00765,VENDOR_025,2025-09-12 16:00:00,19,120.81,2295.39
PO00766,VENDOR_002,2025-09-13 00:00:00,80,424.99,33999.2
PO00767,VENDOR_010,2025-09-13 08:00:00,40,220.03,8801.2
PO00768,VENDOR_030,2025-09-13 16:00:00,92,79.07,7274.44
PO00769,VENDOR_050,2025-09-14 00:00:00,97,335.45,32538.65
PO00770,VENDOR_045,2025-09-14 08:00:00,59,115.88,6836.92
PO00771,VENDOR_005,2025-09-14 16:00:00,59,57.81,3410.79
PO00772,VENDOR_033,2025-09-15 00:00:00,48,432.37,20753.76
PO00773,VENDOR_001,2025-09-15 08:00:00,41,235.48,9654.68
PO00774,VENDOR_018,2025-09-15 16:00:00,13,377.15,4902.95
PO00775,VENDOR_032,2025-09-16 00:00:00,45,152.39,6857.55
PO00776,VENDOR_047,2025-09-16 08:00:00,89,395.62,35210.18
PO00777,VENDOR_049,2025-09-16 16:00:00,53,64.85,3437.05
PO00778,VENDOR_011,2025-09-17 00:00:00,42,184.43,7746.06
PO00779,VENDOR_021,2025-09-17 08:00:00,100,489.25,48925.0
PO00780,VENDOR_026,2025-09-17 16:00:00,63,399.05,25140.15
PO00781,VENDOR_025,2025-09-18 00:00:00,27,253.66,6848.82
PO00782,VENDOR_022,2025-09-18 08:00:00,38,176.49,6706.62
PO00783,VENDOR_027,2025-09-18 16:00:00,60,437.35,26241.0
PO00784,VENDOR_049,2025-09-19 00:00:00,7,276.98,1938.86
PO00785,VENDOR_013,2025-09-19 08:00:00,5,381.63,1908.15
PO00786,VENDOR_033,2025-09-19 16:00:00,45,379.51,17077.95
PO00787,VENDOR_034,2025-09-20 00:00:00,58,18.79,1089.82
PO00788,VENDOR_041,2025-09-20 08:00:00,31,71.86,2227.66
PO00789,VENDOR_035,2025-09-20 16:00:00,23,333.22,7664.06
PO00790,VENDOR_001,2025-09-21 00:00:00,42,89.19,3745.98
PO00791,VENDOR_021,2025-09-21 08:00:00,10,135.19,1351.9
PO00792,VENDOR_048,2025-09-21 16:00:00,32,473.85,15163.2
PO00793,VENDOR_006,2025-09-22 00:00:00,53,284.49,15077.97
PO00794,VENDOR_028,2025-09-22 08:00:00,30,377.86,11335.8
PO00795,VENDOR_017,2025-09-22 16:00:00,39,283.41,11052.99
PO00796,VENDOR_005,2025-09-23 00:00:00,31,280.73,8702.63
PO00797,VENDOR_031,2025-09-23 08:00:00,82,56.13,4602.66
PO00798,VENDOR_005,2025-09-23 16:00:00,100,178.39,17839.0
PO00799,VENDOR_038,2025-09-24 00:00:00,2,148.39,296.78
PO00800,VENDOR_003,2025-09-24 08:00:00,78,201.46,15713.88
PO00801,VENDOR_023,2025-09-24 16:00:00,77,401.19,30891.63
PO00802,VENDOR_037,2025-09-25 00:00:00,93,192.25,17879.25
PO00803,VENDOR_037,2025-09-25 08:00:00,12,231.33,2775.96
PO00804,VENDOR_010,2025-09-25 16:00:00,39,204.72,7984.08
PO00805,VENDOR_010,2025-09-26 00:00:00,66,55.77,3680.82
PO00806,VENDOR_019,2025-09-26 08:00:00,96,226.13,21708.48
PO00807,VENDOR_017,2025-09-26 16:00:00,13,105.85,1376.05
PO00808,VENDOR_021,2025-09-27 00:00:00,46,101.49,4668.54
PO00809,VENDOR_014,2025-09-27 08:00:00,27,56.08,1514.16
PO00810,VENDOR_009,2025-09-27 16:00:00,17,184.77,3141.09
PO00811,VENDOR_046,2025-09-28 00:00:00,95,381.17,36211.15
PO00812,VENDOR_001,2025-09-28 08:00:00,98,145.46,14255.08
PO00813,VENDOR_045,2025-09-28 16:00:00,60,163.05,9783.0
PO00814,VENDOR_013,2025-09-29 00:00:00,64,324.91,20794.24
PO00815,VENDOR_004,2025-09-29 08:00:00,88,105.96,9324.48
PO00816,VENDOR_001,2025-09-29 16:00:00,35,449.51,15732.85
PO00817,VENDOR_049,2025-09-30 00:00:00,70,264.89,18542.3
PO00818,VENDOR_040,2025-09-30 08:00:00,83,229.33,19034.39
PO00819,VENDOR_032,2025-09-30 16:00:00,30,283.33,8499.9
PO00820,VENDOR_034,2025-10-01 00:00:00,71,91.36,6486.56
PO00821,VENDOR_028,2025-10-01 08:00:00,74,310.6,22984.4
PO00822,VENDOR_031,2025-10-01 16:00:00,96,187.92,18040.32
PO00823,VENDOR_008,2025-10-02 00:00:00,98,449.62,44062.76
PO00824,VENDOR_039,2025-10-02 08:00:00,63,92.74,5842.62
PO00825,VENDOR_026,2025-10-02 16:00:00,28,258.46,7236.88
PO00826,VENDOR_034,2025-10-03 00:00:00,60,303.08,18184.8
PO00827,VENDOR_003,2025-10-03 08:00:00,79,26.36,2082.44
PO00828,VENDOR_050,2025-10-03 16:00:00,94,188.21,17691.74
PO00829,VENDOR_012,2025-10-04 00:00:00,37,368.99,13652.63
PO00830,VENDOR_001,2025-10-04 08:00:00,93,411.98,38314.14
PO00831,VENDOR_044,2025-10-04 16:00:00,22,163.45,3595.9
PO00832,VENDOR_005,2025-10-05 00:00:00,68,401.31,27289.08
PO00833,VENDOR_030,2025-10-05 08:00:00,20,484.2,9684.0
PO00834,VENDOR_030,2025-10-05 16:00:00,96,429.87,41267.52
PO00835,VENDOR_017,2025-10-06 00:00:00,100,67.65,6765.0
PO00836,VENDOR_048,2025-10-06 08:00:00,68,372.47,25327.96
PO00837,VENDOR_047,2025-10-06 16:00:00,91,166.64,15164.24
PO00838,VENDOR_023,2025-10-07 00:00:00,64,494.32,31636.48
PO00839,VENDOR_015,2025-10-07 08:00:00,17,247.83,4213.11
PO00840,VENDOR_037,2025-10-07 16:00:00,12,69.99,839.88
PO00841,VENDOR_021,2025-10-08 00:00:00,22,365.34,8037.48
PO00842,VENDOR_014,2025-10-08 08:00:00,17,168.28,2860.76
PO00843,VENDOR_002,2025-10-08 16:00:00,10,498.57,4985.7
PO00844,VENDOR_011,2025-10-09 00:00:00,65,490.09,31855.85
PO00845,VENDOR_039,2025-10-09 08:00:00,22,331.51,7293.22
PO00846,VENDOR_038,2025-10-09 16:00:00,90,73.61,6624.9
PO00847,VENDOR_034,2025-10-10 00:00:00,82,346.56,28417.92
PO00848,VENDOR_038,2025-10-10 08:00:00,50,55.58,2779.0
PO00849,VENDOR_050,2025-10-10 16:00:00,14,24.39,341.46
PO00850,VENDOR_034,2025-10-11 00:00:00,64,413.25,26448.0
PO00851,VENDOR_018,2025-10-11 08:00:00,47,112.78,5300.66
PO00852,VENDOR_030,2025-10-11 16:00:00,29,195.72,5675.88
PO00853,VENDOR_015,2025-10-12 00:00:00,76,486.99,37011.24
PO00854,VENDOR_027,2025-10-12 08:00:00,36,175.05,6301.8
PO00855,VENDOR_034,2025-10-12 16:00:00,99,155.28,15372.72
PO00856,VENDOR_038,2025-10-13 00:00:00,52,459.92,23915.84
PO00857,VENDOR_033,2025-10-13 08:00:00,76,64.27,4884.52
PO00858,VENDOR_024,2025-10-13 16:00:00,7,382.2,2675.4
PO00859,VENDOR_015,2025-10-14 00:00:00,29,494.15,14330.35
PO00860,VENDOR_030,2025-10-14 08:00:00,11,451.64,4968.04
PO00861,VENDOR_042,2025-10-14 16:00:00,33,329.32,10867.56
PO00862,VENDOR_017,2025-10-15 00:00:00,6,163.89,983.34
PO00863,VENDOR_005,2025-10-15 08:00:00,79,134.62,10634.98
PO00864,VENDOR_029,2025-10-15 16:00:00,32,411.44,13166.08
PO00865,VENDOR_004,2025-10-16 00:00:00,51,441.11,22496.61
PO00866,VENDOR_010,2025-10-16 08:00:00,75,267.46,20059.5
PO00867,VENDOR_017,2025-10-16 16:00:00,58,129.73,7524.34
PO00868,VENDOR_010,2025-10-17 00:00:00,87,65.34,5684.58
PO00869,VENDOR_017,2025-10-17 08:00:00,26,52.72,1370.72
PO00870,VENDOR_020,2025-10-17 16:00:00,98,362.35,35510.3
PO00871,VENDOR_024,2025-10-18 00:00:00,46,215.86,9929.56
PO00872,VENDOR_005,2025-10-18 08:00:00,98,453.63,44455.74
PO00873,VENDOR_034,2025-10-18 16:00:00,29,372.44,10800.76
PO00874,VENDOR_006,2025-10-19 00:00:00,4,103.72,414.88
PO00875,VENDOR_002,2025-10-19 08:00:00,81,310.75,25170.75
PO00876,VENDOR_013,2025-10-19 16:00:00,99,223.4,22116.6
PO00877,VENDOR_043,2025-10-20 00:00:00,13,292.85,3807.05
PO00878,VENDOR_043,2025-10-20 08:00:00,39,371.65,14494.35
PO00879,VENDOR_048,2025-10-20 16:00:00,15,405.04,6075.6
PO00880,VENDOR_011,2025-10-21 00:00:00,29,423.43,12279.47
PO00881,VENDOR_047,2025-10-21 08:00:00,29,134.45,3899.05
PO00882,VENDOR_023,2025-10-21 16:00:00,75,25.25,1893.75
PO00883,VENDOR_016,2025-10-22 00:00:00,32,372.25,11912.0
PO00884,VENDOR_031,2025-10-22 08:00:00,2,62.11,124.22
PO00885,VENDOR_011,2025-10-22 16:00:00,47,164.31,7722.57
PO00886,VENDOR_016,2025-10-23 00:00:00,78,11.87,925.86
PO00887,VENDOR_008,2025-10-23 08:00:00,84,344.02,28897.68
PO00888,VENDOR_004,2025-10-23 16:00:00,22,91.89,2021.58
PO00889,VENDOR_040,2025-10-24 00:00:00,75,331.09,24831.75
PO00890,VENDOR_004,2025-10-24 08:00:00,27,495.95,13390.65
PO00891,VENDOR_025,2025-10-24 16:00:00,67,45.61,3055.87
PO00892,VENDOR_003,2025-10-25 00:00:00,81,47.77,3869.37
PO00893,VENDOR_032,2025-10-25 08:00:00,56,176.79,9900.24
PO00894,VENDOR_003,2025-10-25 16:00:00,92,434.53,39976.76
PO00895,VENDOR_027,2025-10-26 00:00:00,93,115.61,10751.73
PO00896,VENDOR_029,2025-10-26 08:00:00,21,186.59,3918.39
PO00897,VENDOR_032,2025-10-26 16:00:00,47,43.57,2047.79
PO00898,VENDOR_050,2025-10-27 00:00:00,80,383.95,30716.0
PO00899,VENDOR_019,2025-10-27 08:00:00,59,210.07,12394.13
PO00900,VENDOR_021,2025-10-27 16:00:00,84,382.03,32090.52
PO00901,VENDOR_005,2025-10-28 00:00:00,6,452.77,2716.62
PO00902,VENDOR_018,2025-10-28 08:00:00,19,124.05,2356.95
PO00903,VENDOR_028,2025-10-28 16:00:00,57,405.62,23120.34
PO00904,VENDOR_042,2025-10-29 00:00:00,69,38.96,2688.24
PO00905,VENDOR_022,2025-10-29 08:00:00,3,450.44,1351.32
PO00906,VENDOR_021,2025-10-29 16:00:00,1,328.88,328.88
PO00907,VENDOR_006,2025-10-30 00:00:00,58,438.37,25425.46
PO00908,VENDOR_001,2025-10-30 08:00:00,38,10.09,383.42
PO00909,VENDOR_005,2025-10-30 16:00:00,15,92.85,1392.75
PO00910,VENDOR_041,2025-10-31 00:00:00,34,200.98,6833.32
PO00911,VENDOR_012,2025-10-31 08:00:00,61,195.96,11953.56
PO00912,VENDOR_026,2025-10-31 16:00:00,35,121.1,4238.5
PO00913,VENDOR_046,2025-11-01 00:00:00,64,196.99,12607.36
PO00914,VENDOR_034,2025-11-01 08:00:00,25,73.14,1828.5
PO00915,VENDOR_049,2025-11-01 16:00:00,24,212.25,5094.0
PO00916,VENDOR_014,2025-11-02 00:00:00,12,403.15,4837.8
PO00917,VENDOR_026,2025-11-02 08:00:00,18,244.74,4405.32
PO00918,VENDOR_045,2025-11-02 16:00:00,15,18.82,282.3
PO00919,VENDOR_027,2025-11-03 00:00:00,80,216.51,17320.8
PO00920,VENDOR_009,2025-11-03 08:00:00,27,23.32,629.64
PO00921,VENDOR_026,2025-11-03 16:00:00,72,483.46,34809.12
PO00922,VENDOR_047,2025-11-04 00:00:00,60,72.45,4347.0
PO00923,VENDOR_022,2025-11-04 08:00:00,46,356.77,16411.42
PO00924,VENDOR_047,2025-11-04 16:00:00,89,486.66,43312.74
PO00925,VENDOR_030,2025-11-05 00:00:00,17,414.76,7050.92
PO00926,VENDOR_043,2025-11-05 08:00:00,93,352.66,32797.38
PO00927,VENDOR_048,2025-11-05 16:00:00,53,421.34,22331.02
PO00928,VENDOR_017,2025-11-06 00:00:00,8,491.08,3928.64
PO00929,VENDOR_026,2025-11-06 08:00:00,79,314.46,24842.34
PO00930,VENDOR_036,2025-11-06 16:00:00,27,284.0,7668.0
PO00931,VENDOR_001,2025-11-07 00:00:00,46,317.84,14620.64
PO00932,VENDOR_008,2025-11-07 08:00:00,50,271.01,13550.5
PO00933,VENDOR_049,2025-11-07 16:00:00,71,321.19,22804.49
PO00934,VENDOR_035,2025-11-08 00:00:00,3,230.42,691.26
PO00935,VENDOR_015,2025-11-08 08:00:00,93,117.04,10884.72
PO00936,VENDOR_047,2025-11-08 16:00:00,64,68.92,4410.88
PO00937,VENDOR_022,2025-11-09 00:00:00,44,43.49,1913.56
PO00938,VENDOR_014,2025-11-09 08:00:00,53,139.02,7368.06
PO00939,VENDOR_026,2025-11-09 16:00:00,24,32.6,782.4
PO00940,VENDOR_028,2025-11-10 00:00:00,60,287.91,17274.6
PO00941,VENDOR_023,2025-11-10 08:00:00,3,149.08,447.24
PO00942,VENDOR_014,2025-11-10 16:00:00,20,414.02,8280.4
PO00943,VENDOR_024,2025-11-11 00:00:00,46,46.38,2133.48
PO00944,VENDOR_002,2025-11-11 08:00:00,15,120.91,1813.65
PO00945,VENDOR_045,2025-11-11 16:00:00,25,367.82,9195.5
PO00946,VENDOR_026,2025-11-12 00:00:00,94,303.42,28521.48
PO00947,VENDOR_014,2025-11-12 08:00:00,78,41.6,3244.8
PO00948,VENDOR_007,2025-11-12 16:00:00,71,439.85,31229.35
PO00949,VENDOR_003,2025-11-13 00:00:00,17,439.86,7477.62
PO00950,VENDOR_047,2025-11-13 08:00:00,84,171.9,14439.6
PO00951,VENDOR_023,2025-11-13 16:00:00,100,176.8,17680.0
PO00952,VENDOR_046,2025-11-14 00:00:00,9,494.62,4451.58
PO00953,VENDOR_043,2025-11-14 08:00:00,38,316.83,12039.54
PO00954,VENDOR_047,2025-11-14 16:00:00,48,270.35,12976.8
PO00955,VENDOR_045,2025-11-15 00:00:00,60,420.69,25241.4
PO00956,VENDOR_018,2025-11-15 08:00:00,63,149.79,9436.77
PO00957,VENDOR_038,2025-11-15 16:00:00,86,220.3,18945.8
PO00958,VENDOR_035,2025-11-16 00:00:00,2,141.21,282.42
PO00959,VENDOR_015,2025-11-16 08:00:00,88,396.69,34908.72
PO00960,VENDOR_025,2025-11-16 16:00:00,72,290.94,20947.68
PO00961,VENDOR_037,2025-11-17 00:00:00,11,332.82,3661.02
PO00962,VENDOR_028,2025-11-17 08:00:00,64,133.63,8552.32
PO00963,VENDOR_010,2025-11-17 16:00:00,77,117.91,9079.07
PO00964,VENDOR_039,2025-11-18 00:00:00,81,249.3,20193.3
PO00965,VENDOR_017,2025-11-18 08:00:00,72,371.41,26741.52
PO00966,VENDOR_039,2025-11-18 16:00:00,21,267.37,5614.77
PO00967,VENDOR_022,2025-11-19 00:00:00,18,26.0,468.0
PO00968,VENDOR_026,2025-11-19 08:00:00,94,435.59,40945.46
PO00969,VENDOR_044,2025-11-19 16:00:00,64,41.7,2668.8
PO00970,VENDOR_025,2025-11-20 00:00:00,82,478.35,39224.7
PO00971,VENDOR_017,2025-11-20 08:00:00,95,22.32,2120.4
PO00972,VENDOR_013,2025-11-20 16:00:00,38,350.28,13310.64
PO00973,VENDOR_020,2025-11-21 00:00:00,32,50.28,1608.96
PO00974,VENDOR_025,2025-11-21 08:00:00,11,456.23,5018.53
PO00975,VENDOR_004,2025-11-21 16:00:00,45,237.57,10690.65
PO00976,VENDOR_010,2025-11-22 00:00:00,89,77.39,6887.71
PO00977,VENDOR_003,2025-11-22 08:00:00,33,177.0,5841.0
PO00978,VENDOR_041,2025-11-22 16:00:00,41,90.76,3721.16
PO00979,VENDOR_045,2025-11-23 00:00:00,8,93.59,748.72
PO00980,VENDOR_018,2025-11-23 08:00:00,11,474.57,5220.27
PO00981,VENDOR_047,2025-11-23 16:00:00,86,228.17,19622.62
PO00982,VENDOR_036,2025-11-24 00:00:00,51,396.51,20222.01
PO00983,VENDOR_047,2025-11-24 08:00:00,88,323.41,28460.08
PO00984,VENDOR_022,2025-11-24 16:00:00,41,341.45,13999.45
PO00985,VENDOR_034,2025-11-25 00:00:00,17,74.53,1267.01
PO00986,VENDOR_047,2025-11-25 08:00:00,76,124.75,9481.0
PO00987,VENDOR_008,2025-11-25 16:00:00,46,395.51,18193.46
PO00988,VENDOR_040,2025-11-26 00:00:00,32,485.68,15541.76
PO00989,VENDOR_049,2025-11-26 08:00:00,79,138.71,10958.09
PO00990,VENDOR_044,2025-11-26 16:00:00,80,143.07,11445.6
PO00991,VENDOR_019,2025-11-27 00:00:00,54,241.72,13052.88
PO00992,VENDOR_042,2025-11-27 08:00:00,86,492.08,42318.88
PO00993,VENDOR_041,2025-11-27 16:00:00,92,141.79,13044.68
PO00994,VENDOR_037,2025-11-28 00:00:00,20,209.42,4188.4
PO00995,VENDOR_006,2025-11-28 08:00:00,33,446.83,14745.39
PO00996,VENDOR_026,2025-11-28 16:00:00,74,11.43,845.82
PO00997,VENDOR_034,2025-11-29 00:00:00,40,29.49,1179.6
PO00998,VENDOR_045,2025-11-29 08:00:00,32,306.0,9792.0
PO00999,VENDOR_006,2025-11-29 16:00:00,97,454.62,44098.14
PO01000,VENDOR_037,2025-11-30 00:00:00,2,127.04,254.08
